-- phpMyAdmin SQL Dump
-- version 5.2.1
-- https://www.phpmyadmin.net/
--
-- Host: 127.0.0.1
-- Generation Time: Mar 12, 2024 at 08:31 PM
-- Server version: 10.4.32-MariaDB
-- PHP Version: 8.2.12

SET SQL_MODE = "NO_AUTO_VALUE_ON_ZERO";
START TRANSACTION;
SET time_zone = "+00:00";


/*!40101 SET @OLD_CHARACTER_SET_CLIENT=@@CHARACTER_SET_CLIENT */;
/*!40101 SET @OLD_CHARACTER_SET_RESULTS=@@CHARACTER_SET_RESULTS */;
/*!40101 SET @OLD_COLLATION_CONNECTION=@@COLLATION_CONNECTION */;
/*!40101 SET NAMES utf8mb4 */;

--
-- Database: `eapi`
--

-- --------------------------------------------------------

--
-- Table structure for table `failed_jobs`
--

CREATE TABLE `failed_jobs` (
  `id` bigint(20) UNSIGNED NOT NULL,
  `uuid` varchar(255) NOT NULL,
  `connection` text NOT NULL,
  `queue` text NOT NULL,
  `payload` longtext NOT NULL,
  `exception` longtext NOT NULL,
  `failed_at` timestamp NOT NULL DEFAULT current_timestamp()
) ENGINE=InnoDB DEFAULT CHARSET=utf8mb4 COLLATE=utf8mb4_unicode_ci;

-- --------------------------------------------------------

--
-- Table structure for table `migrations`
--

CREATE TABLE `migrations` (
  `id` int(10) UNSIGNED NOT NULL,
  `migration` varchar(255) NOT NULL,
  `batch` int(11) NOT NULL
) ENGINE=InnoDB DEFAULT CHARSET=utf8mb4 COLLATE=utf8mb4_unicode_ci;

--
-- Dumping data for table `migrations`
--

INSERT INTO `migrations` (`id`, `migration`, `batch`) VALUES
(1, '2014_10_12_000000_create_users_table', 1),
(2, '2014_10_12_100000_create_password_reset_tokens_table', 1),
(3, '2019_08_19_000000_create_failed_jobs_table', 1),
(4, '2019_12_14_000001_create_personal_access_tokens_table', 1),
(5, '2024_03_12_105321_create_products_table', 1),
(6, '2024_03_12_180657_create_reviews_table', 1);

-- --------------------------------------------------------

--
-- Table structure for table `password_reset_tokens`
--

CREATE TABLE `password_reset_tokens` (
  `email` varchar(255) NOT NULL,
  `token` varchar(255) NOT NULL,
  `created_at` timestamp NULL DEFAULT NULL
) ENGINE=InnoDB DEFAULT CHARSET=utf8mb4 COLLATE=utf8mb4_unicode_ci;

-- --------------------------------------------------------

--
-- Table structure for table `personal_access_tokens`
--

CREATE TABLE `personal_access_tokens` (
  `id` bigint(20) UNSIGNED NOT NULL,
  `tokenable_type` varchar(255) NOT NULL,
  `tokenable_id` bigint(20) UNSIGNED NOT NULL,
  `name` varchar(255) NOT NULL,
  `token` varchar(64) NOT NULL,
  `abilities` text DEFAULT NULL,
  `last_used_at` timestamp NULL DEFAULT NULL,
  `expires_at` timestamp NULL DEFAULT NULL,
  `created_at` timestamp NULL DEFAULT NULL,
  `updated_at` timestamp NULL DEFAULT NULL
) ENGINE=InnoDB DEFAULT CHARSET=utf8mb4 COLLATE=utf8mb4_unicode_ci;

-- --------------------------------------------------------

--
-- Table structure for table `products`
--

CREATE TABLE `products` (
  `id` bigint(20) UNSIGNED NOT NULL,
  `name` varchar(255) NOT NULL,
  `detail` text NOT NULL,
  `price` int(11) NOT NULL,
  `stock` int(11) NOT NULL,
  `discount` int(11) NOT NULL,
  `created_at` timestamp NULL DEFAULT NULL,
  `updated_at` timestamp NULL DEFAULT NULL
) ENGINE=InnoDB DEFAULT CHARSET=utf8mb4 COLLATE=utf8mb4_unicode_ci;

--
-- Dumping data for table `products`
--

INSERT INTO `products` (`id`, `name`, `detail`, `price`, `stock`, `discount`, `created_at`, `updated_at`) VALUES
(1, 'quae', 'Voluptatibus rerum nam et nulla consequatur sapiente repudiandae. Earum voluptatem fugit doloribus asperiores. Quia reprehenderit veniam amet similique mollitia dolores aut quisquam. Ut pariatur est modi ipsam omnis.', 272, 5, 9, '2024-03-12 13:28:22', '2024-03-12 13:28:22'),
(2, 'sunt', 'Beatae culpa eveniet aut minima eos omnis aut. Beatae voluptatem ad aliquam quaerat et deleniti in qui. Possimus voluptas mollitia voluptas qui assumenda sint.', 528, 9, 18, '2024-03-12 13:28:22', '2024-03-12 13:28:22'),
(3, 'eos', 'Unde quos adipisci repellendus numquam illo. Est modi unde placeat numquam.', 839, 2, 29, '2024-03-12 13:28:22', '2024-03-12 13:28:22'),
(4, 'aut', 'Itaque nesciunt aut aut minima. Minus dolorum doloremque quidem. Numquam aut commodi sequi dolores. Magni repellendus fugiat assumenda.', 553, 2, 9, '2024-03-12 13:28:22', '2024-03-12 13:28:22'),
(5, 'ullam', 'Exercitationem rerum illo explicabo est a est suscipit. Quae eaque laudantium maxime molestias delectus sint quis. Autem sed in esse voluptatem hic est aut. Omnis nihil voluptatem sed ad aperiam incidunt ut ullam. Aliquid exercitationem maiores architecto tenetur reprehenderit nemo molestiae.', 170, 3, 28, '2024-03-12 13:28:22', '2024-03-12 13:28:22'),
(6, 'amet', 'Aut cupiditate temporibus saepe maiores. Ipsam voluptates voluptatem est rerum nisi velit. Ipsam id dolorem asperiores iste quia voluptates. Perspiciatis accusamus ea nulla nihil.', 906, 2, 30, '2024-03-12 13:28:22', '2024-03-12 13:28:22'),
(7, 'doloremque', 'Officia nesciunt nostrum quasi laborum quae. Aut omnis qui ut corporis odit. Officia rerum atque qui consequatur quos quia tempore.', 753, 1, 7, '2024-03-12 13:28:22', '2024-03-12 13:28:22'),
(8, 'rem', 'Dolorem recusandae expedita quia ad. Voluptates consequatur dicta nisi asperiores accusamus. Non voluptates dolores molestiae quidem.', 272, 6, 22, '2024-03-12 13:28:22', '2024-03-12 13:28:22'),
(9, 'ut', 'Aut optio nesciunt porro dolorum sint. Ad magnam accusamus animi ut. Ullam alias porro consectetur et dolores saepe. Ea similique magnam et sint in suscipit reiciendis.', 634, 7, 11, '2024-03-12 13:28:22', '2024-03-12 13:28:22'),
(10, 'suscipit', 'Unde nulla ipsa repellendus maxime et. Et fugiat sit voluptatem possimus molestias quos quaerat. Modi accusantium laboriosam expedita sit ut et accusantium. Quidem laudantium et qui officiis at rerum et iste.', 292, 9, 28, '2024-03-12 13:28:22', '2024-03-12 13:28:22'),
(11, 'molestiae', 'Ea reiciendis excepturi facere aut recusandae. Aut adipisci ratione voluptatem molestiae. Iusto qui est cupiditate velit et tenetur aliquid.', 287, 3, 12, '2024-03-12 13:28:22', '2024-03-12 13:28:22'),
(12, 'officia', 'Provident doloribus eos aliquid. Eaque itaque sit eum. Amet ipsa aliquam odit consequuntur.', 412, 5, 6, '2024-03-12 13:28:22', '2024-03-12 13:28:22'),
(13, 'omnis', 'Voluptate harum qui fugiat quo eos iusto provident. Velit provident molestias earum rem. Minima voluptas voluptatum soluta aut dolore numquam magni. Nihil dolor tempore delectus voluptate.', 938, 1, 26, '2024-03-12 13:28:22', '2024-03-12 13:28:22'),
(14, 'facere', 'Fugit in voluptas adipisci iure. Ut nisi vitae praesentium et. Eligendi minus ut debitis perspiciatis quae sunt qui. Natus nemo dicta rerum provident suscipit qui.', 341, 1, 26, '2024-03-12 13:28:22', '2024-03-12 13:28:22'),
(15, 'autem', 'Sit aut dignissimos aliquam iste iure aut facere. Nihil dolore qui quisquam. Iste suscipit et dolore non unde non at ut. Nisi recusandae soluta odit facilis.', 858, 2, 17, '2024-03-12 13:28:22', '2024-03-12 13:28:22'),
(16, 'veritatis', 'Possimus mollitia culpa sequi neque qui doloremque sed. Vel aspernatur hic accusamus provident dolorem ipsum voluptatem. Repellendus rerum tenetur ut aut. Laborum aut dolores quibusdam aspernatur. Esse deleniti voluptatem fugiat.', 906, 5, 20, '2024-03-12 13:28:22', '2024-03-12 13:28:22'),
(17, 'dolore', 'Autem molestias nobis ducimus aliquam quidem in. A numquam voluptas recusandae excepturi fugiat.', 870, 3, 5, '2024-03-12 13:28:22', '2024-03-12 13:28:22'),
(18, 'maiores', 'Est in dolor eum ullam qui unde similique. Et officiis dolor consequatur ut pariatur voluptatum rerum quia. Nisi est quam eos.', 173, 6, 18, '2024-03-12 13:28:22', '2024-03-12 13:28:22'),
(19, 'quia', 'Eum non asperiores consequatur et ullam quo. Ex nesciunt sint et facere illum. Consequuntur non quasi vero.', 299, 1, 9, '2024-03-12 13:28:22', '2024-03-12 13:28:22'),
(20, 'ab', 'Est blanditiis veniam delectus beatae. Est quas perspiciatis cupiditate veritatis. Quia expedita numquam dignissimos quo atque.', 798, 8, 10, '2024-03-12 13:28:22', '2024-03-12 13:28:22'),
(21, 'maxime', 'Ipsam dolorum sed eius deserunt illum. Quae eius temporibus a et quia amet. Odit quis rerum omnis cupiditate dolores ut. Qui nulla ipsum culpa rerum. Non dignissimos quam animi molestiae reiciendis et.', 489, 7, 23, '2024-03-12 13:28:22', '2024-03-12 13:28:22'),
(22, 'nulla', 'Voluptas quibusdam itaque omnis eligendi dolore. Commodi commodi et ut et. Voluptas soluta rerum quis quasi aperiam.', 355, 3, 26, '2024-03-12 13:28:22', '2024-03-12 13:28:22'),
(23, 'ea', 'Amet ratione et accusamus reprehenderit deserunt alias assumenda. Minima commodi corporis dolores fuga.', 939, 7, 13, '2024-03-12 13:28:22', '2024-03-12 13:28:22'),
(24, 'reiciendis', 'Tempore iste amet error consectetur. Sed fugit perspiciatis quia et nostrum. Qui eius quidem veniam et.', 496, 6, 13, '2024-03-12 13:28:22', '2024-03-12 13:28:22'),
(25, 'dicta', 'Illo non occaecati et inventore tempore non. Aut aut deleniti maiores sapiente officiis. Quia voluptatum qui et sunt.', 633, 5, 25, '2024-03-12 13:28:22', '2024-03-12 13:28:22'),
(26, 'facere', 'Dolor quaerat illum totam rerum veniam et est. Illum nostrum et quidem repellendus aperiam quos.', 718, 5, 19, '2024-03-12 13:28:22', '2024-03-12 13:28:22'),
(27, 'fugit', 'Possimus exercitationem dolorem ut aut praesentium aut. Excepturi sunt tempora earum exercitationem numquam est. Nisi molestiae debitis et nostrum deleniti recusandae. Autem autem a tenetur harum.', 209, 0, 3, '2024-03-12 13:28:22', '2024-03-12 13:28:22'),
(28, 'rerum', 'Consequuntur voluptatem et dolores modi qui aut ipsum. Quod error occaecati dolore debitis eveniet maxime. Deleniti voluptate alias veniam asperiores.', 368, 4, 5, '2024-03-12 13:28:22', '2024-03-12 13:28:22'),
(29, 'nihil', 'Doloremque cum velit labore illum fuga. Et placeat nulla architecto explicabo voluptatem pariatur esse. Consequatur officia aut dolor voluptatem dolores voluptatem ipsum. Veritatis dignissimos molestiae non qui provident. Nihil praesentium fuga enim similique distinctio quod.', 984, 1, 29, '2024-03-12 13:28:22', '2024-03-12 13:28:22'),
(30, 'ut', 'Et ullam est cumque et consequatur explicabo repudiandae. Illum assumenda consequatur illo ratione. Ullam sequi quasi adipisci nisi error. Adipisci amet eius eaque consequuntur.', 871, 5, 5, '2024-03-12 13:28:22', '2024-03-12 13:28:22'),
(31, 'facere', 'Odit repudiandae qui cupiditate quia qui et officiis. Itaque sint maxime nisi at fuga.', 284, 6, 20, '2024-03-12 13:28:22', '2024-03-12 13:28:22'),
(32, 'aliquam', 'Dicta laudantium ratione et provident qui. Magni quibusdam officia eos dolor ducimus nihil. Cumque voluptates vitae et consequatur explicabo maxime voluptatem.', 918, 4, 22, '2024-03-12 13:28:22', '2024-03-12 13:28:22'),
(33, 'quia', 'Voluptas nesciunt provident sequi. Quos quibusdam et unde unde quibusdam. Consequuntur voluptatem vitae eos qui cum eos. Quas quidem distinctio a est molestiae.', 215, 4, 15, '2024-03-12 13:28:22', '2024-03-12 13:28:22'),
(34, 'non', 'Magni sed laboriosam qui blanditiis et et eligendi. Et a debitis dolores nam beatae. Et occaecati eveniet blanditiis beatae nobis iure. Culpa rerum officiis repellat qui.', 742, 8, 13, '2024-03-12 13:28:22', '2024-03-12 13:28:22'),
(35, 'dolor', 'Soluta delectus laborum praesentium et et in qui nostrum. Et voluptate sint nihil excepturi a. Quidem perspiciatis est sed ut. Est assumenda tenetur qui ut est ad repellendus distinctio.', 666, 7, 30, '2024-03-12 13:28:22', '2024-03-12 13:28:22'),
(36, 'corrupti', 'Aut nihil possimus dolores. Omnis totam earum officiis qui. Ipsam harum modi omnis qui. Omnis facilis eius tempora dolor ea nemo sed. Ullam error mollitia exercitationem aliquam quis similique porro.', 457, 3, 29, '2024-03-12 13:28:22', '2024-03-12 13:28:22'),
(37, 'ut', 'Reprehenderit commodi voluptates similique. Et id quam voluptas culpa est ea id. Neque adipisci est laborum autem in alias. Qui deleniti in libero modi. Et voluptas sint accusamus est consequuntur sed.', 942, 0, 19, '2024-03-12 13:28:22', '2024-03-12 13:28:22'),
(38, 'omnis', 'Quam qui vitae commodi. Aliquam sapiente dolores minus dolorem. Molestias ipsam et aut asperiores dolorem et. Qui esse voluptas quaerat.', 515, 2, 7, '2024-03-12 13:28:22', '2024-03-12 13:28:22'),
(39, 'incidunt', 'Sequi dolores et sed magni quidem et odit. Dolorem repellendus ad sed sint officiis ipsa et. Dolorem explicabo illum doloribus qui. Cupiditate illo cumque illum esse sed est aliquid.', 963, 1, 17, '2024-03-12 13:28:22', '2024-03-12 13:28:22'),
(40, 'reprehenderit', 'Est minima quisquam perspiciatis dolorem est dolores odio. Sint illum sit cupiditate ad aut. Accusantium aliquid officiis quidem et ratione et atque. Aliquam asperiores hic magnam accusantium aperiam voluptas atque labore.', 641, 9, 9, '2024-03-12 13:28:22', '2024-03-12 13:28:22'),
(41, 'aut', 'Eius et omnis porro nam. Recusandae quo voluptatem aut rerum. Velit qui sit consectetur esse officia eius.', 296, 0, 2, '2024-03-12 13:28:22', '2024-03-12 13:28:22'),
(42, 'hic', 'Ullam distinctio optio nostrum animi. Amet velit dolor ut ducimus voluptates sunt error. Voluptatem id quasi assumenda atque praesentium.', 451, 1, 13, '2024-03-12 13:28:22', '2024-03-12 13:28:22'),
(43, 'dolores', 'Est voluptatibus veritatis eligendi laboriosam magni reprehenderit explicabo. Et sunt nihil alias. Ut quia voluptates quos perspiciatis quasi debitis accusamus necessitatibus.', 120, 0, 12, '2024-03-12 13:28:22', '2024-03-12 13:28:22'),
(44, 'fugiat', 'Commodi excepturi facere illum perferendis eos qui. Esse quia numquam occaecati ut officia quis. Aliquid dicta rerum porro rem voluptatem vel natus.', 771, 8, 23, '2024-03-12 13:28:22', '2024-03-12 13:28:22'),
(45, 'nostrum', 'Perspiciatis consequuntur amet blanditiis rerum rerum consequatur delectus. Id rem assumenda dolorem quod earum optio sit eaque. Iure sed minima et dignissimos. Voluptatem labore quis dolor consectetur.', 786, 8, 3, '2024-03-12 13:28:22', '2024-03-12 13:28:22'),
(46, 'tempora', 'Nesciunt impedit aut id accusamus totam. Dolor qui ipsam quos quia velit quo. In quibusdam deleniti quisquam ipsa. Ipsum ut ut laborum unde corrupti libero minima.', 207, 2, 18, '2024-03-12 13:28:22', '2024-03-12 13:28:22'),
(47, 'facere', 'Et cum voluptatum ut deserunt vero quibusdam. Quia et libero vel. Eius nulla veniam autem et eligendi. Officiis dignissimos sint vel officia vel qui.', 366, 5, 15, '2024-03-12 13:28:22', '2024-03-12 13:28:22'),
(48, 'maxime', 'Consequuntur vitae rerum repellat nihil. Incidunt cupiditate aut voluptatibus voluptas. Et sit voluptas veniam ullam hic.', 369, 5, 16, '2024-03-12 13:28:22', '2024-03-12 13:28:22'),
(49, 'qui', 'Et architecto aliquam in ullam. Odit incidunt enim dolorem quisquam eum vero enim. Repellendus non eum unde.', 947, 7, 21, '2024-03-12 13:28:22', '2024-03-12 13:28:22'),
(50, 'omnis', 'Non debitis sed ab hic at itaque ut. At ex repellendus provident voluptate. Ut architecto placeat rerum. Non non ullam molestiae debitis nemo nihil.', 348, 1, 8, '2024-03-12 13:28:22', '2024-03-12 13:28:22');

-- --------------------------------------------------------

--
-- Table structure for table `reviews`
--

CREATE TABLE `reviews` (
  `id` bigint(20) UNSIGNED NOT NULL,
  `product_id` bigint(20) UNSIGNED NOT NULL,
  `customer` varchar(255) NOT NULL,
  `review` text NOT NULL,
  `star` int(11) NOT NULL,
  `created_at` timestamp NULL DEFAULT NULL,
  `updated_at` timestamp NULL DEFAULT NULL
) ENGINE=InnoDB DEFAULT CHARSET=utf8mb4 COLLATE=utf8mb4_unicode_ci;

--
-- Dumping data for table `reviews`
--

INSERT INTO `reviews` (`id`, `product_id`, `customer`, `review`, `star`, `created_at`, `updated_at`) VALUES
(1, 19, 'Estrella Collier I', 'Voluptas assumenda occaecati nobis labore. Nemo possimus nihil vitae non illum nesciunt. A soluta quos rerum quidem dolores est dolores.', 3, '2024-03-12 13:28:24', '2024-03-12 13:28:24'),
(2, 34, 'Kaleigh Cole V', 'Necessitatibus beatae tenetur id velit. Et similique pariatur velit corrupti recusandae hic eveniet quisquam. Accusantium officiis consectetur vero adipisci eligendi.', 0, '2024-03-12 13:28:24', '2024-03-12 13:28:24'),
(3, 43, 'Sherwood Gerhold', 'Omnis quasi minima sint aut cupiditate dolor. Fuga dignissimos aliquid incidunt vitae in dolore omnis. Minus quo sint quia ex voluptate commodi qui. Tenetur itaque dolore atque minima et et nihil itaque.', 3, '2024-03-12 13:28:24', '2024-03-12 13:28:24'),
(4, 12, 'Jerry Collier', 'Rem perspiciatis dignissimos iste dolor temporibus tenetur voluptatem. Commodi qui fugiat incidunt esse dolores velit. Sapiente beatae neque perferendis quidem vero nihil.', 4, '2024-03-12 13:28:24', '2024-03-12 13:28:24'),
(5, 29, 'Prof. Reymundo Bergnaum', 'Earum velit occaecati dolorem deleniti et. Mollitia blanditiis dignissimos fugiat quos voluptas dicta. Sequi eum omnis autem dolorem deleniti.', 0, '2024-03-12 13:28:24', '2024-03-12 13:28:24'),
(6, 49, 'Miss Cordie Mills', 'Sint id ducimus architecto. Nemo tempora cum consequuntur illum ea sint qui. Quibusdam delectus ex eum accusamus quo eveniet.', 1, '2024-03-12 13:28:24', '2024-03-12 13:28:24'),
(7, 44, 'Retha Beer', 'Non doloremque omnis molestiae in. Sed asperiores accusantium porro aliquam molestias voluptatem. Et excepturi corporis animi et doloribus molestias quo.', 2, '2024-03-12 13:28:24', '2024-03-12 13:28:24'),
(8, 31, 'Miss Myrna Graham IV', 'Earum et officia qui eligendi rerum. Sed laudantium in libero odio accusamus. Possimus hic blanditiis ut molestiae.', 0, '2024-03-12 13:28:24', '2024-03-12 13:28:24'),
(9, 5, 'Emmitt Hessel I', 'Alias quos ut et omnis. Enim iusto dignissimos saepe incidunt laborum vel sed. Velit sed laudantium aliquid.', 1, '2024-03-12 13:28:24', '2024-03-12 13:28:24'),
(10, 9, 'Nigel Gusikowski', 'Eveniet rerum in quos in voluptatem aut aut. Eligendi distinctio sit nulla consequatur quia voluptatem nisi voluptatibus. Ad suscipit unde natus maxime commodi provident eos officia. Placeat et aut sapiente sunt aperiam voluptatem magni.', 1, '2024-03-12 13:28:24', '2024-03-12 13:28:24'),
(11, 5, 'Milan Homenick', 'Voluptas autem cupiditate at debitis. Temporibus laboriosam ad et dolorem aut aspernatur cupiditate. Ut asperiores eum laboriosam nihil nihil. Ratione et veniam numquam consectetur aperiam dolorum. Ipsa autem ut ullam sit.', 4, '2024-03-12 13:28:24', '2024-03-12 13:28:24'),
(12, 28, 'Katrine Fritsch DDS', 'Ratione nemo quasi unde ab eveniet. Molestiae nihil molestiae quia provident optio. Eos harum delectus dolorum iste rerum facere. Atque voluptatem quia cupiditate et.', 1, '2024-03-12 13:28:24', '2024-03-12 13:28:24'),
(13, 42, 'Mortimer Smith', 'Similique totam et dolores ut voluptatem nobis quidem. Neque praesentium natus perferendis. Earum nihil suscipit et quia. Saepe accusantium velit mollitia incidunt.', 1, '2024-03-12 13:28:24', '2024-03-12 13:28:24'),
(14, 12, 'Filiberto Nikolaus PhD', 'Magni perferendis iure vel eveniet voluptatem facilis. Recusandae voluptates explicabo incidunt voluptatem dolores. Quis aut est perspiciatis sequi fuga.', 2, '2024-03-12 13:28:24', '2024-03-12 13:28:24'),
(15, 15, 'Tillman Crooks', 'Cum dolorum et rerum mollitia. Reprehenderit aut reiciendis soluta. Nisi sed repudiandae error nihil similique magni sint iusto.', 3, '2024-03-12 13:28:24', '2024-03-12 13:28:24'),
(16, 16, 'Juwan Mraz DDS', 'Ut ex incidunt eum harum non sint. Nam porro ut quo illum. Veniam quidem quis repellat ut eum doloribus.', 0, '2024-03-12 13:28:24', '2024-03-12 13:28:24'),
(17, 21, 'Prof. Kendrick O\'Kon III', 'Molestias voluptas veniam et possimus aut. Architecto dignissimos voluptatem et neque.', 1, '2024-03-12 13:28:24', '2024-03-12 13:28:24'),
(18, 27, 'Prof. Ryleigh Jakubowski', 'Cupiditate rerum maiores eos quas dolor at. Et aliquam id quia minima. Placeat modi odit nulla perferendis pariatur. Molestiae ut quia nihil necessitatibus reiciendis.', 4, '2024-03-12 13:28:24', '2024-03-12 13:28:24'),
(19, 27, 'Kellie Muller', 'Deserunt iure distinctio eveniet aut amet ipsum corporis. Odit blanditiis aut nam ut molestiae a ab. Magnam eius quibusdam nam quisquam quia.', 2, '2024-03-12 13:28:24', '2024-03-12 13:28:24'),
(20, 18, 'Alexandrea Windler', 'Enim et quia sit harum ut alias. Quis consequatur tempore sint et molestias. Ut labore est optio ea molestias error modi.', 0, '2024-03-12 13:28:24', '2024-03-12 13:28:24'),
(21, 28, 'Dr. Milford Herman Sr.', 'Aut error enim vitae nobis veritatis. Animi voluptates omnis animi doloremque inventore. Nihil delectus incidunt minus.', 2, '2024-03-12 13:28:24', '2024-03-12 13:28:24'),
(22, 35, 'Mr. Russell Kerluke I', 'Corrupti dolores deleniti rem assumenda animi et sit velit. Eum nisi tempora sunt qui. Fugit neque ex architecto et et odit ea culpa.', 0, '2024-03-12 13:28:24', '2024-03-12 13:28:24'),
(23, 8, 'Allison Rempel', 'Ex modi molestiae incidunt totam eius et autem. Aliquam laudantium vel voluptatem quidem et. Consectetur itaque ex velit ut tempora eum.', 4, '2024-03-12 13:28:24', '2024-03-12 13:28:24'),
(24, 9, 'Barry Haag', 'Qui ut eveniet in dolorum autem voluptatem. Nostrum sit officia vitae sed quibusdam repudiandae. Consequatur at qui in ut. Placeat et unde hic sapiente quas.', 5, '2024-03-12 13:28:24', '2024-03-12 13:28:24'),
(25, 5, 'Amani Feeney', 'Ratione ipsam qui magnam tenetur saepe suscipit assumenda. Ut perferendis autem quia dolorem. Ab voluptates sequi quia voluptatem corrupti error asperiores. Voluptatem quo quod reprehenderit eligendi.', 0, '2024-03-12 13:28:24', '2024-03-12 13:28:24'),
(26, 5, 'Ms. Yasmin Fisher', 'Voluptatem qui amet ducimus non voluptate doloribus. Accusantium fugit optio suscipit sunt voluptatem.', 3, '2024-03-12 13:28:24', '2024-03-12 13:28:24'),
(27, 45, 'Madeline Padberg', 'Vitae est voluptatem debitis consequatur aut. Quia sequi autem officiis eum ut recusandae in. Sed distinctio consectetur sed expedita perferendis. Ipsum ut autem exercitationem voluptatem rerum.', 4, '2024-03-12 13:28:24', '2024-03-12 13:28:24'),
(28, 2, 'Laron Rempel', 'Corporis aliquid quaerat non. Beatae amet incidunt non rerum ut. Ex mollitia exercitationem et ut qui ea. Labore ipsa ipsam nemo. Aliquid qui modi aperiam eos ea nihil qui.', 4, '2024-03-12 13:28:24', '2024-03-12 13:28:24'),
(29, 38, 'Margaretta Torphy', 'At repellat quasi totam accusamus facilis animi sit. Iusto et deserunt saepe pariatur consequatur non. Autem ratione non soluta consequatur aliquam recusandae.', 5, '2024-03-12 13:28:24', '2024-03-12 13:28:24'),
(30, 45, 'Genevieve Wisozk', 'Voluptas quod accusamus neque sit aut in ducimus. Dolorem quidem omnis praesentium debitis excepturi vel saepe. Rerum adipisci voluptatibus et qui aut debitis necessitatibus.', 1, '2024-03-12 13:28:24', '2024-03-12 13:28:24'),
(31, 8, 'Ashtyn Morar', 'Quia eos fuga commodi incidunt ratione veniam. Quaerat quam aut et minima ipsam et a.', 5, '2024-03-12 13:28:24', '2024-03-12 13:28:24'),
(32, 39, 'Dr. Leslie Gusikowski IV', 'Nisi qui quis quas sit. Magnam aliquam sed qui minima repudiandae. Eligendi qui tempora reiciendis iure non.', 3, '2024-03-12 13:28:24', '2024-03-12 13:28:24'),
(33, 7, 'Paige Turcotte', 'Earum qui minima mollitia aut iusto et modi. Rerum quis sed dolores qui quo quo. Ut fugit ut quae laborum veniam perferendis et voluptatum. Sit eaque ex exercitationem expedita non eius nesciunt temporibus. Et voluptatem laboriosam tempore ad corporis.', 0, '2024-03-12 13:28:24', '2024-03-12 13:28:24'),
(34, 16, 'Reed Daugherty', 'Voluptatum odio corporis repudiandae exercitationem dolorum. Earum ut rem impedit cum nostrum minus beatae. Reiciendis consequatur dolorum ut aut. Magni aut quia sed repellat sed quae.', 4, '2024-03-12 13:28:24', '2024-03-12 13:28:24'),
(35, 17, 'Elda Johnson', 'Pariatur iure magni consequatur expedita aut molestias deleniti. Enim qui ad veritatis quia. Voluptas maiores rerum totam voluptatem cupiditate nam voluptas. Natus dolorem dolore animi eius numquam.', 4, '2024-03-12 13:28:24', '2024-03-12 13:28:24'),
(36, 48, 'Cayla Weber', 'Id magnam modi quia aut rerum. Adipisci unde repudiandae voluptatem praesentium ipsa illo voluptatem. Ut sequi eligendi temporibus odit quod.', 3, '2024-03-12 13:28:24', '2024-03-12 13:28:24'),
(37, 21, 'Rhea Kreiger', 'Nisi animi eos repellendus facere. Maiores quos sed ut dicta. Quia autem voluptas similique veritatis dolorem a soluta. Sequi aliquam in est nobis et iusto cupiditate.', 1, '2024-03-12 13:28:24', '2024-03-12 13:28:24'),
(38, 10, 'Dr. Carlee McCullough', 'Eos autem consectetur quo corporis. Deserunt ea tempora laborum quos maiores eos vel. Nihil saepe quia voluptas reprehenderit nam et. Et impedit sed excepturi autem voluptatum.', 4, '2024-03-12 13:28:24', '2024-03-12 13:28:24'),
(39, 38, 'Esperanza Jacobson', 'Ea velit sunt similique animi quisquam. Exercitationem et omnis quis quia qui. Nesciunt at fugit est sed. Autem consectetur earum ut est harum qui.', 0, '2024-03-12 13:28:24', '2024-03-12 13:28:24'),
(40, 36, 'John Roob', 'Quia accusamus excepturi placeat voluptatem minima. Est a debitis optio delectus. Est unde molestiae excepturi provident quibusdam quia.', 2, '2024-03-12 13:28:24', '2024-03-12 13:28:24'),
(41, 13, 'Dr. Robbie Gutkowski MD', 'Eveniet ipsam aspernatur nihil fugiat tempore natus nostrum. Voluptatibus suscipit rem nostrum quia saepe saepe. Nostrum aut reprehenderit tempora qui non unde.', 4, '2024-03-12 13:28:24', '2024-03-12 13:28:24'),
(42, 40, 'Mohammed Mueller', 'Et autem non quis. Tempore recusandae aspernatur enim tempora sint. Est unde porro saepe laudantium voluptas sed.', 3, '2024-03-12 13:28:24', '2024-03-12 13:28:24'),
(43, 9, 'Ava Kub DDS', 'Totam repudiandae tenetur cumque nihil corporis soluta earum. Ullam et provident beatae maiores rerum et. Qui quisquam voluptas laboriosam dolorem quia quae vel et.', 1, '2024-03-12 13:28:24', '2024-03-12 13:28:24'),
(44, 1, 'Maybell Botsford', 'Doloribus rem ut ullam veritatis voluptatem. Nulla modi quidem possimus neque voluptatem quibusdam excepturi. Numquam necessitatibus quos ut eaque fugit voluptas. Possimus quia aut ut voluptatum.', 2, '2024-03-12 13:28:24', '2024-03-12 13:28:24'),
(45, 13, 'Prof. Casimer Reichel', 'Velit atque sunt quisquam impedit doloremque repudiandae qui. Debitis enim in facere beatae assumenda. Dolor blanditiis beatae quod occaecati vel est libero.', 2, '2024-03-12 13:28:24', '2024-03-12 13:28:24'),
(46, 2, 'Mr. Lamar Grimes', 'Hic voluptatem provident ab. Temporibus vitae reiciendis commodi est incidunt quo quisquam. In dolorem consequatur sunt.', 4, '2024-03-12 13:28:24', '2024-03-12 13:28:24'),
(47, 25, 'Oswald Cole I', 'Et sed odit molestias eos. Omnis culpa alias in temporibus natus. Et molestiae sequi id pariatur. Ut ut vero eius rerum mollitia aliquam labore. Doloremque accusamus enim est cum.', 4, '2024-03-12 13:28:24', '2024-03-12 13:28:24'),
(48, 45, 'Ms. Emily Durgan I', 'Consequatur ut voluptas minima sit. Quisquam impedit veritatis beatae dolor. Libero voluptatum maxime consectetur quia vel dolorem. Dolorum et porro et voluptatem dolor.', 4, '2024-03-12 13:28:24', '2024-03-12 13:28:24'),
(49, 41, 'Letha McGlynn', 'Est repellendus adipisci eos quaerat non iusto rerum autem. Error quis sit cupiditate saepe deserunt aut repellendus. Debitis dignissimos consequatur iusto sed ea. Rerum ut dolore aperiam.', 2, '2024-03-12 13:28:24', '2024-03-12 13:28:24'),
(50, 50, 'Annabell D\'Amore', 'Ducimus ex quia quasi necessitatibus aliquam ut accusantium. Aut facere molestiae iusto consequatur natus unde maiores. Accusantium explicabo voluptas non.', 1, '2024-03-12 13:28:24', '2024-03-12 13:28:24'),
(51, 8, 'Gerda Weissnat', 'Voluptas dignissimos pariatur voluptas praesentium in. Nulla ullam consequuntur rerum in neque. Vitae et sunt consequuntur blanditiis nesciunt. Totam autem nihil perferendis quas perspiciatis esse fuga. Sed cum ut libero voluptatem vero.', 2, '2024-03-12 13:28:24', '2024-03-12 13:28:24'),
(52, 17, 'Marion Schulist V', 'Quisquam eaque qui adipisci natus eaque consequatur aperiam. Labore voluptas perferendis veritatis aut dolor modi rerum. Voluptate non qui ex voluptas. Repudiandae voluptate praesentium quos nobis placeat nobis qui.', 4, '2024-03-12 13:28:24', '2024-03-12 13:28:24'),
(53, 29, 'Andres Mayert', 'Illo id molestias expedita molestiae maxime. Vitae at molestias ducimus mollitia quo. Sit qui occaecati vero. Vel omnis sunt natus cumque ut.', 0, '2024-03-12 13:28:24', '2024-03-12 13:28:24'),
(54, 48, 'Trystan Marvin', 'Exercitationem enim et sunt officia repellendus aut. Minima sed tempore velit aut fuga nostrum. Quia harum necessitatibus deserunt molestias beatae accusantium.', 4, '2024-03-12 13:28:24', '2024-03-12 13:28:24'),
(55, 11, 'Deontae Schmeler', 'Voluptas vel dicta eligendi distinctio asperiores quia. Sed rerum odio nemo molestiae id voluptatem vero. Dicta consequuntur et asperiores sed facilis voluptatem.', 3, '2024-03-12 13:28:24', '2024-03-12 13:28:24'),
(56, 8, 'Sid Kohler DVM', 'Provident qui et earum id saepe. Doloremque dolorum sequi sapiente harum in similique earum aut. Et quia voluptatem et assumenda et qui ea. Aspernatur ea deserunt eum rerum.', 3, '2024-03-12 13:28:24', '2024-03-12 13:28:24'),
(57, 36, 'Earnest Frami', 'Molestiae blanditiis eius id id. Placeat architecto aut mollitia voluptas et iste. Minima ad porro doloremque voluptatibus provident accusamus quo. Dolorem odio enim et quas eius est rerum.', 1, '2024-03-12 13:28:24', '2024-03-12 13:28:24'),
(58, 20, 'Bonnie Zulauf', 'Illum reprehenderit consectetur sed autem distinctio doloremque nemo. Temporibus et eveniet quas et ea. Vitae eos vel fugit esse consequatur ad fuga et. Adipisci sapiente error id asperiores sequi ullam dolor dignissimos.', 3, '2024-03-12 13:28:24', '2024-03-12 13:28:24'),
(59, 13, 'Sabina Lehner', 'Odit veniam libero vel. Ut doloribus omnis voluptatem. Vero ad non quos.', 4, '2024-03-12 13:28:24', '2024-03-12 13:28:24'),
(60, 49, 'Dr. Malcolm Adams V', 'Cupiditate qui reiciendis voluptas labore quia dicta. Consequatur a odit veniam eaque nam ullam. Dignissimos cupiditate aut blanditiis.', 2, '2024-03-12 13:28:24', '2024-03-12 13:28:24'),
(61, 25, 'Dr. Joey O\'Hara', 'Vel deserunt doloribus illum sunt. Dicta atque exercitationem praesentium dignissimos. Dolore sequi dolor sapiente et quibusdam illum. Similique vel autem et aut corrupti voluptatem sit.', 3, '2024-03-12 13:28:24', '2024-03-12 13:28:24'),
(62, 21, 'Mr. Sidney Heathcote III', 'Exercitationem occaecati error sapiente fugit numquam non. Fugit voluptas velit ut libero fugit error et. Amet ipsam aut aut est aliquam sint non porro. Qui et quae voluptatibus.', 2, '2024-03-12 13:28:24', '2024-03-12 13:28:24'),
(63, 35, 'Sarai Lind', 'Est esse assumenda similique aperiam. Tempora quas dolorem sit recusandae autem voluptatem eos ut. Iure nihil quo iusto et. Rerum omnis necessitatibus voluptatem quod et.', 1, '2024-03-12 13:28:24', '2024-03-12 13:28:24'),
(64, 38, 'Lilliana Howell DDS', 'Accusantium cupiditate sint sit ipsa aut velit officia. Sint debitis quaerat a deserunt. Saepe cupiditate quaerat nobis deleniti autem necessitatibus consectetur. Harum nesciunt qui id maiores ut illum consequatur aliquid.', 3, '2024-03-12 13:28:24', '2024-03-12 13:28:24'),
(65, 31, 'Mina Berge', 'Veritatis atque facilis ullam. Impedit in placeat quis eligendi. Ut laudantium harum ex architecto similique id rerum maiores. Sed cumque quis quas adipisci amet rerum.', 4, '2024-03-12 13:28:24', '2024-03-12 13:28:24'),
(66, 5, 'Melvin Ebert', 'Ullam odit optio velit consequuntur. Cumque natus doloribus aperiam maxime. Nulla suscipit est laudantium pariatur ab eos.', 4, '2024-03-12 13:28:24', '2024-03-12 13:28:24'),
(67, 13, 'Dr. Fred Roob MD', 'Et et et molestiae adipisci suscipit perferendis esse aut. Maiores aliquam cumque similique vel ullam.', 4, '2024-03-12 13:28:24', '2024-03-12 13:28:24'),
(68, 50, 'Dr. Glen VonRueden', 'Dolore est voluptatibus aliquid assumenda voluptatem est iusto. Tempora quis vero dolore ea dolor beatae explicabo. Est minus dolores et velit voluptatem distinctio. Sunt cupiditate iusto et quidem dolores accusamus provident.', 3, '2024-03-12 13:28:24', '2024-03-12 13:28:24'),
(69, 11, 'Rasheed Cremin', 'Veritatis enim distinctio voluptatibus alias. Provident aspernatur modi unde et et. Et minus voluptatibus est sed.', 0, '2024-03-12 13:28:24', '2024-03-12 13:28:24'),
(70, 3, 'Rowan Stamm', 'Odio laborum aspernatur aspernatur blanditiis. Dolor sint recusandae voluptatem ut quas. Aut dolores eos non ex voluptates architecto occaecati.', 1, '2024-03-12 13:28:24', '2024-03-12 13:28:24'),
(71, 50, 'Casimir Walter', 'Distinctio perferendis rem molestiae sit natus iste. Quas tenetur quisquam est sapiente. Et qui tempore et enim aut deserunt.', 5, '2024-03-12 13:28:24', '2024-03-12 13:28:24'),
(72, 47, 'Corene Blanda', 'Ea et iure odit placeat voluptatem corrupti. Quas accusantium soluta impedit ut ut praesentium eum. Sunt et fuga blanditiis qui ut culpa. Aut et exercitationem sed.', 1, '2024-03-12 13:28:24', '2024-03-12 13:28:24'),
(73, 30, 'Mr. Garrett Collins', 'Excepturi labore dolorem cumque atque animi quis. Repellat porro non minus dicta in sit cupiditate. Id et in sed assumenda ut. Tempore eum cumque ducimus doloribus quia est.', 1, '2024-03-12 13:28:24', '2024-03-12 13:28:24'),
(74, 36, 'Kieran Blick', 'Ipsam iure est sint nulla. Ullam fugit dolore quidem iure est vel minus quis. Quas sit blanditiis ut tempora blanditiis. Dolores perspiciatis ipsa numquam qui animi beatae illo.', 1, '2024-03-12 13:28:24', '2024-03-12 13:28:24'),
(75, 47, 'Prof. Arjun Padberg', 'Laudantium natus necessitatibus sint qui aspernatur velit quisquam ea. Doloremque quam natus magni et aliquam voluptatem similique aliquam. Cupiditate optio quidem excepturi voluptatem dolorem cum.', 1, '2024-03-12 13:28:24', '2024-03-12 13:28:24'),
(76, 48, 'Tristin Muller II', 'Ea qui cum voluptate laborum saepe soluta voluptatem. Molestiae vitae modi fugiat quia iste nisi qui. Et quae impedit atque numquam amet perspiciatis.', 2, '2024-03-12 13:28:24', '2024-03-12 13:28:24'),
(77, 43, 'Frankie Kovacek', 'Animi consequuntur debitis voluptatem non aut aliquam necessitatibus. Eaque veritatis dolores praesentium repudiandae voluptatum necessitatibus qui quia. Quis libero eveniet iure consectetur.', 4, '2024-03-12 13:28:24', '2024-03-12 13:28:24'),
(78, 30, 'Lois Fisher', 'Minima quia enim neque. Est amet amet occaecati magnam. Rem sequi neque est fugiat.', 5, '2024-03-12 13:28:24', '2024-03-12 13:28:24'),
(79, 44, 'Prof. Gregorio Koch', 'Delectus iste id ratione. Ratione dolor dolorum non dolor et rerum eius. Ut provident sit quia occaecati. Reiciendis aliquid qui quis blanditiis cum ut laborum.', 5, '2024-03-12 13:28:24', '2024-03-12 13:28:24'),
(80, 47, 'Nigel Hoeger', 'Occaecati et ut voluptates consectetur nulla perspiciatis. Magni quae eum voluptatum et et. Eum id iure quibusdam nihil.', 2, '2024-03-12 13:28:24', '2024-03-12 13:28:24'),
(81, 44, 'Everette Waters DDS', 'Similique aspernatur voluptatem quia voluptatibus ipsam. Hic dolorem voluptas sunt aut facere officia veniam. Laboriosam aut illo nemo voluptas ut similique dolor.', 0, '2024-03-12 13:28:24', '2024-03-12 13:28:24'),
(82, 17, 'Mario Champlin', 'Est et voluptatem corporis. Ut eligendi vero iure velit. Expedita autem nihil velit autem rerum.', 1, '2024-03-12 13:28:24', '2024-03-12 13:28:24'),
(83, 50, 'Dr. Elva Weimann DDS', 'Vel aut quo similique. Quia fuga quibusdam commodi rerum ut. Alias commodi iusto quae qui quas. Beatae incidunt odit a.', 0, '2024-03-12 13:28:24', '2024-03-12 13:28:24'),
(84, 25, 'Matilde Medhurst', 'Quis delectus necessitatibus et dolorum natus deserunt et. Ut beatae nulla suscipit. Et quibusdam id veritatis sed qui atque sed quas.', 4, '2024-03-12 13:28:24', '2024-03-12 13:28:24'),
(85, 6, 'Antone Cartwright V', 'Amet voluptatem adipisci sed accusantium at minima doloribus ut. Amet deleniti itaque ipsa laborum nisi ex et. Natus amet rem commodi soluta ipsam.', 2, '2024-03-12 13:28:24', '2024-03-12 13:28:24'),
(86, 47, 'Dr. Tommie Bauch', 'Impedit voluptatem nihil unde rerum doloribus. Ut vitae nihil voluptate aut at dicta quia. Voluptate voluptate quia optio qui qui rerum.', 3, '2024-03-12 13:28:24', '2024-03-12 13:28:24'),
(87, 19, 'Sylvan Nicolas', 'Amet quibusdam doloribus officiis iure occaecati nam. Minus aut nobis perferendis dolor qui. Exercitationem velit laboriosam velit dolorum autem.', 3, '2024-03-12 13:28:24', '2024-03-12 13:28:24'),
(88, 33, 'Ayla Thompson V', 'Non reiciendis earum dolores maiores quibusdam. Eos autem aut eum eum consequatur vitae autem. Qui necessitatibus odit amet animi sint.', 3, '2024-03-12 13:28:24', '2024-03-12 13:28:24'),
(89, 14, 'Fabiola Dickens', 'Distinctio est iste ut laboriosam nihil. Qui est laboriosam voluptatem sunt corporis dolorum. Laboriosam eligendi est possimus possimus. Aut minus rerum sit qui. Vel sint maiores libero aliquam assumenda voluptatem.', 1, '2024-03-12 13:28:24', '2024-03-12 13:28:24'),
(90, 9, 'Mr. Gus Swaniawski', 'Repellat modi et et tempore neque aut qui. Dignissimos deserunt ut architecto modi. Voluptatum tempore quo eligendi molestiae aut.', 0, '2024-03-12 13:28:24', '2024-03-12 13:28:24'),
(91, 16, 'Mrs. Tatyana Kreiger V', 'Reiciendis facilis aliquid aliquam illo totam. Inventore adipisci eligendi ut in fugit laboriosam occaecati possimus. Minus natus nihil cum ipsam reprehenderit exercitationem. Ratione deleniti voluptas provident facere culpa et omnis aut.', 1, '2024-03-12 13:28:24', '2024-03-12 13:28:24'),
(92, 33, 'Dr. Freda O\'Keefe III', 'Quo minima illum cupiditate odit repellendus earum porro. Optio et alias officia rerum consequatur tenetur. Repellendus autem ad inventore esse id fuga eum. Dolor autem qui ducimus porro alias non. Corrupti voluptates voluptatem sint quos quia.', 5, '2024-03-12 13:28:24', '2024-03-12 13:28:24'),
(93, 8, 'Miss Rosie Kilback DDS', 'Dolores numquam officiis qui vero possimus mollitia. Et magni harum eum. Rerum consequatur alias repellat dolorem architecto aut.', 5, '2024-03-12 13:28:24', '2024-03-12 13:28:24'),
(94, 43, 'Dr. Jaron Okuneva III', 'Harum modi laborum delectus magnam. Adipisci et impedit beatae culpa qui nulla.', 2, '2024-03-12 13:28:24', '2024-03-12 13:28:24'),
(95, 16, 'Elvie Howe', 'Autem qui officia quod et. Fuga accusantium blanditiis autem aut aut. Est architecto fugit dicta consequatur. Expedita accusamus officia aut optio deserunt.', 1, '2024-03-12 13:28:24', '2024-03-12 13:28:24'),
(96, 29, 'Kiera Gibson', 'Sapiente ratione voluptatibus ab sint iusto. Nihil exercitationem eum suscipit vitae eos est. Alias provident maxime aliquid cumque veniam ipsa cupiditate qui. Eaque soluta in voluptates eos provident. Quis quis praesentium omnis quis voluptas.', 5, '2024-03-12 13:28:24', '2024-03-12 13:28:24'),
(97, 28, 'Madelyn DuBuque', 'Iste non architecto corporis voluptas. Quibusdam recusandae quia adipisci. Et omnis eligendi dolores deserunt in. Ut harum quisquam officia quam consectetur quis.', 5, '2024-03-12 13:28:24', '2024-03-12 13:28:24'),
(98, 37, 'Grayce Kub', 'Dolores sunt voluptatum excepturi hic minima voluptatem est distinctio. Hic et cumque eligendi cupiditate. Id in aut sint nostrum minima numquam. Ad quis est aut deserunt doloremque aut doloremque.', 1, '2024-03-12 13:28:24', '2024-03-12 13:28:24'),
(99, 49, 'Ms. Helen Mayert I', 'Et qui facere eius. Laboriosam qui incidunt labore. Architecto enim enim voluptas et laborum eum. Non et aut inventore at.', 4, '2024-03-12 13:28:24', '2024-03-12 13:28:24'),
(100, 14, 'Vivianne Wilderman', 'Pariatur fugit ab consectetur neque est dolor. Autem totam explicabo sunt ut neque officia. Tenetur et placeat dolorum est officiis et.', 3, '2024-03-12 13:28:24', '2024-03-12 13:28:24'),
(101, 42, 'Rudy West', 'Assumenda earum sit harum commodi alias nostrum. Est libero nesciunt accusamus dignissimos iure. Ut velit eaque asperiores distinctio. Dolores voluptas et deleniti.', 5, '2024-03-12 13:28:24', '2024-03-12 13:28:24'),
(102, 26, 'Alexzander Zboncak', 'Nulla nemo soluta accusamus autem ea dolor. Et consequatur et corrupti quis veritatis dicta aliquid. Facilis molestias et sint et. Ut odit occaecati ipsa non dolor laboriosam quia ducimus.', 4, '2024-03-12 13:28:24', '2024-03-12 13:28:24'),
(103, 45, 'Taylor Metz', 'Corporis qui delectus dolor. Architecto ut dolores excepturi neque. Tempora dolorem necessitatibus autem est ab nulla rerum. Et necessitatibus fugiat vel.', 0, '2024-03-12 13:28:24', '2024-03-12 13:28:24'),
(104, 19, 'Maxwell Kshlerin', 'Nemo consequatur temporibus voluptatem at soluta qui molestias sapiente. Qui reprehenderit voluptatibus qui repellendus odio harum autem. Provident possimus fugit repudiandae sunt quidem repellendus eaque. Iste corporis aut voluptatem autem asperiores.', 3, '2024-03-12 13:28:24', '2024-03-12 13:28:24'),
(105, 25, 'Jamarcus Harris', 'Et fugiat ducimus omnis est ratione. Est similique veritatis distinctio est dignissimos. Modi ad quas aspernatur eligendi quia earum molestiae nihil. Qui explicabo mollitia optio non sit nihil id.', 0, '2024-03-12 13:28:24', '2024-03-12 13:28:24'),
(106, 2, 'Alena Hahn', 'Tempora sunt delectus reprehenderit voluptatem. Quis pariatur atque reprehenderit sed maiores. Rerum nisi neque minima dolor quia id.', 5, '2024-03-12 13:28:24', '2024-03-12 13:28:24'),
(107, 5, 'Miss Bria Cremin DDS', 'Voluptate id voluptas consectetur nihil voluptatem. Sed quia molestiae perferendis. Deserunt aut nihil eos aut et quaerat. Est ab incidunt recusandae voluptate voluptas et labore.', 4, '2024-03-12 13:28:24', '2024-03-12 13:28:24'),
(108, 19, 'Ms. Else Goldner', 'Quisquam pariatur deserunt expedita alias. Rerum exercitationem facere nam est molestiae repellat omnis. Quo dicta deleniti repudiandae numquam officiis eos. Eveniet minima asperiores ipsum qui.', 1, '2024-03-12 13:28:24', '2024-03-12 13:28:24'),
(109, 31, 'Dahlia Carter', 'Velit voluptas dolores consequatur voluptas. Rerum reprehenderit eos dolorem nihil aut voluptates harum.', 5, '2024-03-12 13:28:24', '2024-03-12 13:28:24'),
(110, 5, 'Prof. Jace Rice', 'Temporibus itaque impedit est sapiente deserunt eum non aspernatur. Quis provident ab eveniet optio in vero. Aut excepturi quia dignissimos est provident.', 2, '2024-03-12 13:28:24', '2024-03-12 13:28:24'),
(111, 23, 'Sonny Moen', 'Nam cum eum aut corrupti. Vel ab est non dolores.', 5, '2024-03-12 13:28:24', '2024-03-12 13:28:24'),
(112, 45, 'Darby Hauck', 'Maxime exercitationem qui quia id pariatur voluptas. Itaque consequuntur fugiat qui enim est. Sint quo a doloribus quibusdam rem. Incidunt ratione architecto voluptatem minus qui provident.', 2, '2024-03-12 13:28:25', '2024-03-12 13:28:25'),
(113, 41, 'Georgianna Trantow', 'Dignissimos earum vel natus deserunt in. Itaque mollitia et quod ea architecto. Aliquid corrupti excepturi sunt et omnis rerum. Quasi eum et exercitationem repellendus delectus aspernatur debitis. Et rem id nesciunt beatae.', 2, '2024-03-12 13:28:25', '2024-03-12 13:28:25'),
(114, 8, 'Annabelle Hilpert', 'Sequi nulla non ut sed similique dolor. Molestiae necessitatibus doloribus et aut a. Et deleniti corporis ut optio quia voluptatem. Consequatur nemo sunt sit ipsa.', 4, '2024-03-12 13:28:25', '2024-03-12 13:28:25'),
(115, 46, 'Olga Hudson', 'Quam autem aspernatur non eum natus ducimus. Quasi voluptas velit omnis quisquam.', 0, '2024-03-12 13:28:25', '2024-03-12 13:28:25'),
(116, 22, 'Florian Lemke', 'Optio eos eligendi incidunt deleniti aut tempore est ex. Facere omnis non vel qui. Qui commodi doloribus itaque mollitia qui.', 3, '2024-03-12 13:28:25', '2024-03-12 13:28:25'),
(117, 14, 'Harley Larson', 'Vel consequatur eos porro soluta voluptas beatae quam. Neque neque corporis earum itaque. Et nihil et et ratione eum est. Eaque consectetur nobis inventore voluptatem architecto nostrum est.', 0, '2024-03-12 13:28:25', '2024-03-12 13:28:25'),
(118, 44, 'Mr. Triston Walsh III', 'Dolores et omnis maiores enim quis dolorum sit. Fugiat esse voluptas et natus est eum eveniet. Sint velit suscipit facilis voluptatem accusantium. Id non et et facere non sed. Voluptate quia velit delectus perspiciatis quia.', 5, '2024-03-12 13:28:25', '2024-03-12 13:28:25'),
(119, 16, 'Ms. Zora O\'Hara', 'Vero sit vel et ducimus. Occaecati praesentium voluptate a ut iste repellat.', 2, '2024-03-12 13:28:25', '2024-03-12 13:28:25'),
(120, 1, 'Hilda Champlin', 'Est ducimus nostrum illum voluptatem est qui. Nobis explicabo officiis voluptas alias nam voluptatibus.', 1, '2024-03-12 13:28:25', '2024-03-12 13:28:25'),
(121, 40, 'Arjun Leannon', 'Voluptatem sed minus illum aut voluptate inventore id. Earum sapiente sit nam tempora. Aut aut ut qui veritatis consectetur facilis.', 3, '2024-03-12 13:28:25', '2024-03-12 13:28:25'),
(122, 34, 'Tanya Ledner', 'Aut voluptas delectus ipsum quis quidem consequuntur in harum. Non rem officiis autem sit ut voluptates sit labore. Qui reprehenderit ipsum maiores sed.', 2, '2024-03-12 13:28:25', '2024-03-12 13:28:25'),
(123, 21, 'Anika Conroy', 'Delectus ad enim aut qui. Culpa porro voluptate ex. Sunt est eum quae neque. Et velit non reiciendis veritatis mollitia.', 1, '2024-03-12 13:28:25', '2024-03-12 13:28:25'),
(124, 17, 'Haven Zieme Sr.', 'Nostrum voluptatum vel qui sit corporis iste. Aut impedit sint iure.', 3, '2024-03-12 13:28:25', '2024-03-12 13:28:25'),
(125, 35, 'Arthur Rau DVM', 'Suscipit sint laboriosam facere omnis ducimus reiciendis rerum nulla. Iste aspernatur qui ut voluptatem. Dicta quaerat enim tempore sit quam.', 1, '2024-03-12 13:28:25', '2024-03-12 13:28:25'),
(126, 39, 'Moises Romaguera', 'Tempora repellendus quis eaque rem. Eligendi reiciendis enim qui quo minus. Ut fuga cupiditate nihil omnis iusto unde. Quos repellendus rerum voluptatem dolorem.', 4, '2024-03-12 13:28:25', '2024-03-12 13:28:25'),
(127, 50, 'Alanis Bogisich', 'Neque sapiente fuga consequuntur et exercitationem. Accusamus eum dolorum consequatur eum. Nam quo nihil sit aliquam dolorem unde ab.', 0, '2024-03-12 13:28:25', '2024-03-12 13:28:25'),
(128, 5, 'Mr. Royal Predovic', 'Esse eum sit sed minima eligendi dignissimos omnis quae. Voluptatibus hic reiciendis beatae molestias qui fuga aspernatur. Et officiis et dolorem doloribus aut et fugiat.', 2, '2024-03-12 13:28:25', '2024-03-12 13:28:25'),
(129, 25, 'Prof. Otto Little', 'Quia cupiditate dignissimos in reiciendis. Amet maiores ducimus labore facere.', 5, '2024-03-12 13:28:25', '2024-03-12 13:28:25'),
(130, 45, 'Ms. Augustine Stroman', 'Ut quae iure voluptas ut quod. Repudiandae facere corrupti incidunt maxime.', 4, '2024-03-12 13:28:25', '2024-03-12 13:28:25'),
(131, 31, 'Pearline Feil', 'Et placeat quo nisi nesciunt quo saepe a. Quia sit magnam ab aliquam est quis id. Commodi earum consequatur et veniam doloremque soluta. Facere dolorem labore dolor at maiores.', 1, '2024-03-12 13:28:25', '2024-03-12 13:28:25'),
(132, 47, 'Mr. Max Walker', 'Rerum eaque aliquam quisquam repellat accusamus nihil voluptas. Veritatis magni et aut vero necessitatibus. Assumenda est fugit architecto et. Magnam laborum et deserunt atque deleniti recusandae libero repellendus.', 3, '2024-03-12 13:28:25', '2024-03-12 13:28:25'),
(133, 24, 'Prof. Silas Koss', 'Porro et quae quia alias impedit sit et ipsum. Reiciendis magnam saepe assumenda dolores officia voluptatum. Enim voluptatem et enim distinctio.', 0, '2024-03-12 13:28:25', '2024-03-12 13:28:25'),
(134, 9, 'Sherman Frami', 'Et et assumenda quae voluptatem iure. Aliquam in quisquam error reprehenderit quam illo tempore. In eligendi mollitia ad ullam aspernatur enim et.', 5, '2024-03-12 13:28:25', '2024-03-12 13:28:25'),
(135, 20, 'Hank Doyle', 'Et exercitationem sequi ipsa fuga dolor voluptatum nisi. Quibusdam dolores doloremque autem. Est maiores accusamus fugiat tempora id. Ex qui et consequatur ullam vitae est.', 1, '2024-03-12 13:28:25', '2024-03-12 13:28:25'),
(136, 4, 'Ewell Johnston', 'Quam officia suscipit placeat sint. Vel rerum velit asperiores sed qui. Molestiae totam iusto exercitationem eos ut. Quia hic nulla velit veritatis accusamus ut.', 5, '2024-03-12 13:28:25', '2024-03-12 13:28:25'),
(137, 31, 'Mr. Cleo Hane', 'Excepturi ad itaque magnam tenetur quo autem modi. Quia iusto aut tempore enim. Et repudiandae voluptates explicabo deleniti.', 0, '2024-03-12 13:28:25', '2024-03-12 13:28:25'),
(138, 7, 'Lorena Ryan', 'Eligendi consequatur magnam quam a molestiae nihil. Suscipit cumque harum ducimus est perspiciatis. Ut aliquam nesciunt corrupti voluptas nihil consectetur.', 3, '2024-03-12 13:28:25', '2024-03-12 13:28:25'),
(139, 38, 'Elroy Block', 'Pariatur enim qui recusandae. Fugit consectetur similique exercitationem ut sint. Eveniet natus et quisquam sint. Quis ad distinctio optio eaque necessitatibus temporibus iusto.', 1, '2024-03-12 13:28:25', '2024-03-12 13:28:25'),
(140, 50, 'Roy Schaefer', 'Rem atque quam qui ea. Deserunt pariatur vitae consectetur in. Saepe pariatur aperiam aut. Nisi veritatis repellendus sint ad et.', 3, '2024-03-12 13:28:25', '2024-03-12 13:28:25'),
(141, 49, 'Miss Ericka Legros', 'Velit recusandae fugiat nulla voluptatem aliquid ex. Voluptas soluta sit consequatur nulla aut. Architecto molestiae cumque velit dolorem voluptatibus deserunt.', 5, '2024-03-12 13:28:25', '2024-03-12 13:28:25'),
(142, 42, 'Prof. Demetris Bradtke II', 'Ut omnis autem consequuntur. Earum sint ea consequatur quaerat. Cumque cupiditate autem culpa deleniti. Ullam sint repudiandae quae modi.', 4, '2024-03-12 13:28:25', '2024-03-12 13:28:25'),
(143, 3, 'Daphnee Johnston', 'Et unde fuga eveniet laborum consequatur. Perspiciatis delectus voluptas ea beatae libero natus qui omnis. Consectetur debitis dolorem molestias blanditiis eaque.', 5, '2024-03-12 13:28:25', '2024-03-12 13:28:25'),
(144, 43, 'Kane Kessler', 'Necessitatibus porro molestias ratione qui nostrum maiores possimus. Similique totam omnis unde et est omnis fuga.', 4, '2024-03-12 13:28:25', '2024-03-12 13:28:25'),
(145, 42, 'Herminia Stroman', 'Tempore ad voluptatem voluptate est a asperiores in. Similique enim et quas ad eum et. Iste minima consequatur eligendi rerum qui nostrum. Praesentium eos enim debitis voluptatem.', 2, '2024-03-12 13:28:25', '2024-03-12 13:28:25'),
(146, 2, 'Chelsie Hill', 'Suscipit officiis omnis tempora aliquam voluptate. Enim repudiandae sapiente dolore ut eius architecto. Temporibus consequuntur non ipsum omnis. Non temporibus ipsum adipisci odit.', 4, '2024-03-12 13:28:25', '2024-03-12 13:28:25'),
(147, 40, 'Loren Willms Sr.', 'Vero molestiae et sapiente repellat vitae dolor magnam. Quidem suscipit accusamus quis recusandae itaque. Quo exercitationem occaecati quo sit nulla provident.', 2, '2024-03-12 13:28:25', '2024-03-12 13:28:25'),
(148, 13, 'Katarina Kutch V', 'Ullam molestias ab architecto necessitatibus. Enim quod eligendi est. Maiores id non distinctio aut expedita vero sed. Mollitia blanditiis quis odio sed non aut. Suscipit necessitatibus placeat fugit qui sed.', 4, '2024-03-12 13:28:25', '2024-03-12 13:28:25'),
(149, 28, 'Prof. Jerrell Bailey IV', 'Et sapiente itaque quae quia velit qui. Omnis facere consequatur voluptates cum et maxime. Et repellat impedit autem consequuntur tenetur.', 4, '2024-03-12 13:28:25', '2024-03-12 13:28:25'),
(150, 12, 'Major Hackett', 'Earum optio qui et vel. Reiciendis occaecati alias blanditiis. Et dolorum facilis voluptatem inventore officia et.', 2, '2024-03-12 13:28:25', '2024-03-12 13:28:25'),
(151, 3, 'Damaris Watsica', 'Ut at vitae omnis provident doloremque id doloremque mollitia. Temporibus aperiam velit autem quia ut officia. Corporis pariatur et quae ratione.', 0, '2024-03-12 13:28:25', '2024-03-12 13:28:25'),
(152, 21, 'Kali Hane DDS', 'Commodi voluptatum iure alias quia ipsa animi asperiores. Sunt et dolor recusandae officiis totam. Debitis nesciunt consequatur et autem suscipit aut excepturi. Deleniti animi voluptas similique quasi ex enim.', 4, '2024-03-12 13:28:25', '2024-03-12 13:28:25'),
(153, 49, 'Aditya Haley', 'Non explicabo cum doloremque. Velit id necessitatibus ullam rem asperiores porro. Labore dolores quaerat odit ullam consequatur eveniet itaque cum. Ducimus nesciunt dolor officia corrupti similique nulla quia est. Ad nisi maxime quasi reiciendis voluptatem blanditiis et.', 5, '2024-03-12 13:28:25', '2024-03-12 13:28:25'),
(154, 47, 'Orie Gottlieb', 'Totam debitis animi autem. Ut illum autem non quam velit. Corporis aut omnis vitae distinctio.', 3, '2024-03-12 13:28:25', '2024-03-12 13:28:25'),
(155, 47, 'Demetrius Lynch Sr.', 'Nulla commodi numquam aut ratione ut. Beatae possimus quia quia rerum aut culpa est. Illo consectetur neque sint. Libero repellat ea vitae cupiditate fugiat.', 0, '2024-03-12 13:28:25', '2024-03-12 13:28:25'),
(156, 34, 'Mr. Derick Walsh', 'Est aperiam iusto omnis a. Nisi facere ut exercitationem suscipit perspiciatis totam vel id.', 2, '2024-03-12 13:28:25', '2024-03-12 13:28:25'),
(157, 36, 'Oleta Cremin', 'Enim non qui id ipsum. Velit qui autem provident in sed voluptas quia. Et rerum quia est. Odit dolores veniam ipsam aut aperiam eos aut.', 3, '2024-03-12 13:28:25', '2024-03-12 13:28:25'),
(158, 1, 'Dr. Friedrich Thompson I', 'Id est eos ullam aut exercitationem nulla aut. Veritatis fugit est eaque magni quam dicta quas laboriosam. Eveniet hic reiciendis inventore quis dolores rem tempora.', 2, '2024-03-12 13:28:25', '2024-03-12 13:28:25'),
(159, 18, 'Aniyah Murray', 'Et maiores rem quos nesciunt modi aspernatur. Ut debitis nisi veniam fugit dolores. Veniam odit fugit et cum. Et rem officiis odio reprehenderit quod.', 2, '2024-03-12 13:28:25', '2024-03-12 13:28:25'),
(160, 45, 'Prof. Benton Ortiz DDS', 'Veritatis ut quasi totam vel. Aut labore maiores reiciendis et nostrum iste quia. Eligendi totam assumenda quia. Illum ut aut assumenda sed nihil culpa.', 0, '2024-03-12 13:28:25', '2024-03-12 13:28:25'),
(161, 46, 'Emie Larson', 'Voluptatem dolores sint necessitatibus. Ea nisi eius eius sit sit consectetur et. Voluptatem quaerat aspernatur ducimus excepturi.', 5, '2024-03-12 13:28:25', '2024-03-12 13:28:25'),
(162, 22, 'Lee Strosin Sr.', 'Mollitia culpa alias deserunt. Similique et minima architecto vel.', 3, '2024-03-12 13:28:25', '2024-03-12 13:28:25'),
(163, 27, 'Elmo Pouros', 'Exercitationem ipsam voluptas velit iure. Quasi asperiores laborum a. Tenetur assumenda ullam dolores voluptas nulla. Numquam dolorem et repudiandae. Ut odit quia cum et voluptatibus expedita.', 5, '2024-03-12 13:28:25', '2024-03-12 13:28:25'),
(164, 11, 'Reyes Abbott III', 'Illum nulla magni qui et quaerat cumque odio. Maiores excepturi rerum a qui est perspiciatis molestiae. Sint corrupti ut odit modi. Vitae laboriosam architecto nostrum commodi saepe.', 0, '2024-03-12 13:28:25', '2024-03-12 13:28:25'),
(165, 7, 'Elmer Anderson', 'Eligendi debitis est cum animi voluptatem. Voluptas qui sint sint omnis magnam aperiam. Dolor qui quidem et non. Est quia et quod reiciendis.', 3, '2024-03-12 13:28:25', '2024-03-12 13:28:25'),
(166, 36, 'Maxine Emmerich', 'Ipsa autem harum non ducimus. Voluptates fugiat eveniet praesentium et facere ut non. Quod eveniet fugit exercitationem vero et aut repellat deleniti. Fugit accusantium dolorem rerum rem sed.', 4, '2024-03-12 13:28:25', '2024-03-12 13:28:25'),
(167, 23, 'Kara Hickle II', 'At exercitationem aut optio minus rerum est. Autem alias consequatur aperiam aliquam ipsum. Qui itaque nihil atque harum nam. Placeat nihil esse possimus alias.', 1, '2024-03-12 13:28:25', '2024-03-12 13:28:25'),
(168, 23, 'Rowland Renner', 'Facere ducimus enim et incidunt et voluptas incidunt. Repellat dolore dolores quaerat rerum. Voluptatem in ullam sapiente sed vitae impedit qui. At et ullam corporis natus illum facilis. Adipisci perferendis quia consequatur libero voluptas sed aut et.', 5, '2024-03-12 13:28:25', '2024-03-12 13:28:25'),
(169, 45, 'Nikki Dicki', 'Consequatur explicabo totam nulla itaque. Perferendis et quasi laborum harum veritatis quae. Voluptas ducimus consequatur tempora rerum voluptas consequuntur.', 5, '2024-03-12 13:28:25', '2024-03-12 13:28:25'),
(170, 4, 'Forest Champlin', 'Quasi et commodi ut ad itaque dolore vel laudantium. Et molestiae velit quo temporibus molestiae. Non quos architecto totam error aperiam rem qui eligendi.', 5, '2024-03-12 13:28:25', '2024-03-12 13:28:25'),
(171, 48, 'Jesse Huel', 'Atque animi harum et voluptas voluptates commodi labore tempore. Ab esse repellat dolorum. Nam expedita rerum delectus veritatis itaque nulla voluptas quo. Libero eum deserunt adipisci veniam eos consectetur veritatis.', 4, '2024-03-12 13:28:25', '2024-03-12 13:28:25'),
(172, 29, 'Taylor Boehm', 'In reprehenderit aspernatur quia unde eum quam. Minima nisi voluptas quam tenetur. Aliquid repellendus aut dolores aspernatur est. Voluptates architecto non reprehenderit eaque minima rerum ea soluta.', 4, '2024-03-12 13:28:25', '2024-03-12 13:28:25'),
(173, 5, 'Era Wisozk', 'Voluptate mollitia qui ducimus asperiores. Eaque quidem ipsa laboriosam molestias illum. Incidunt ut laborum enim quis ipsa nostrum.', 1, '2024-03-12 13:28:25', '2024-03-12 13:28:25'),
(174, 17, 'Mr. Kyleigh Kautzer', 'Fugit eaque esse nesciunt ipsa eos aspernatur voluptas. Non alias excepturi ab soluta recusandae. Dolor hic quidem dolorem.', 1, '2024-03-12 13:28:25', '2024-03-12 13:28:25'),
(175, 12, 'Prof. Casimir Lemke', 'Deleniti iste vero accusantium in in temporibus sit. Quod explicabo qui mollitia quaerat aut. Unde est qui tempore. Et et magnam cupiditate.', 0, '2024-03-12 13:28:25', '2024-03-12 13:28:25'),
(176, 23, 'Damaris Willms', 'Enim eveniet ut aspernatur. Et rerum minima qui eligendi eos illo. Ea eligendi ut quis deleniti facere molestiae quisquam nostrum.', 2, '2024-03-12 13:28:25', '2024-03-12 13:28:25'),
(177, 34, 'Dr. Armando Kautzer MD', 'Praesentium illo assumenda suscipit. Non culpa est modi ipsum. Quis inventore id et repellat. Consequatur doloremque qui facere eos reprehenderit tenetur sint.', 0, '2024-03-12 13:28:25', '2024-03-12 13:28:25'),
(178, 21, 'Effie Emmerich', 'Est laudantium deserunt placeat et eveniet sed. Velit odit et mollitia voluptatem placeat. Necessitatibus nesciunt voluptate aperiam doloribus quam ipsum. Voluptatem ut et consequuntur aut est qui. Dicta et fuga ex sunt velit earum voluptatem.', 4, '2024-03-12 13:28:25', '2024-03-12 13:28:25'),
(179, 10, 'Mrs. Anais Cummings DDS', 'Autem hic ipsa voluptatibus molestiae delectus officiis sapiente. Cupiditate sit et nihil et. Qui ad et doloribus inventore.', 4, '2024-03-12 13:28:25', '2024-03-12 13:28:25'),
(180, 9, 'Pietro Lynch', 'Vel rem perferendis quo repudiandae et nulla. Ea quis officiis ullam. Quia eum a ratione cum magni. Cum perspiciatis eos quod quis molestias et.', 1, '2024-03-12 13:28:25', '2024-03-12 13:28:25'),
(181, 25, 'Prof. Joana Orn IV', 'Qui non vero facere doloribus velit vero. Atque saepe quam facere et reiciendis.', 2, '2024-03-12 13:28:25', '2024-03-12 13:28:25'),
(182, 9, 'Nicola Kertzmann', 'Ad et ut alias recusandae aut sed aspernatur. Tenetur explicabo ex reprehenderit optio earum libero nihil. Illum libero quis necessitatibus non voluptas et.', 3, '2024-03-12 13:28:25', '2024-03-12 13:28:25'),
(183, 42, 'Ubaldo Carter', 'Laborum ab veniam incidunt explicabo. Quia explicabo sint recusandae. Consequuntur eaque repellat dolore itaque sapiente eligendi. Totam accusantium quis repellendus vel facilis non.', 5, '2024-03-12 13:28:25', '2024-03-12 13:28:25'),
(184, 2, 'Elnora O\'Connell Sr.', 'Ex illum ut sunt unde nihil. Eligendi ut aut voluptas labore officiis est voluptas. Corrupti ab deserunt esse voluptas. Et occaecati quia ea in.', 1, '2024-03-12 13:28:25', '2024-03-12 13:28:25'),
(185, 17, 'Dr. Danny Bogan IV', 'Est inventore eos impedit. Sunt et earum delectus aperiam quis aut. Officia officiis sequi molestias aliquid vel itaque.', 4, '2024-03-12 13:28:25', '2024-03-12 13:28:25'),
(186, 19, 'Marlon Lemke', 'Aut modi tenetur itaque. Et recusandae odit mollitia itaque sunt voluptatem et sit. Repudiandae omnis necessitatibus sit adipisci dolor ea et. Sit commodi dolores aut explicabo quia veritatis est ut. Accusantium a nam dolor.', 1, '2024-03-12 13:28:25', '2024-03-12 13:28:25'),
(187, 5, 'Karine Heathcote', 'Rem dicta quas autem officia quae praesentium. Eum sit sed vel impedit quibusdam sit. Labore qui molestiae quia aut. Non laborum aut nesciunt nisi in vero quae vitae.', 1, '2024-03-12 13:28:25', '2024-03-12 13:28:25'),
(188, 45, 'Ms. Jacklyn Ebert MD', 'Ipsa delectus enim et architecto. A vel repellendus dolor et et repellendus sit. Quia dolores beatae et nobis in voluptate aut. Ut rerum temporibus labore quam tempore ipsam. Quisquam assumenda possimus dolorem.', 2, '2024-03-12 13:28:25', '2024-03-12 13:28:25'),
(189, 8, 'Bettie Treutel', 'Doloremque commodi fugiat impedit voluptatem. Labore ratione sit dolor dolorum voluptas beatae ut.', 3, '2024-03-12 13:28:25', '2024-03-12 13:28:25'),
(190, 29, 'Adam Spinka', 'Maiores quasi earum consectetur similique. Quam omnis aut modi non. Maiores rem sapiente sint illum.', 2, '2024-03-12 13:28:25', '2024-03-12 13:28:25'),
(191, 15, 'Dr. Kailyn Swaniawski I', 'Dicta reprehenderit rerum doloremque eos minus id magnam. Laboriosam et fugit debitis dolor aut officiis qui consectetur.', 2, '2024-03-12 13:28:25', '2024-03-12 13:28:25'),
(192, 35, 'Christopher Franecki', 'Eos est laboriosam voluptates odit aspernatur animi. Ab perferendis est aperiam corporis provident quam et. Doloremque dolorum rerum delectus aut. Odit assumenda earum minus asperiores veritatis aut.', 0, '2024-03-12 13:28:25', '2024-03-12 13:28:25'),
(193, 36, 'Emerson Kunde Sr.', 'Voluptatem facere molestias non dolorem eaque aut. Suscipit veritatis ut aut sint aspernatur. Qui et rerum et recusandae qui esse. Omnis fugiat doloribus similique nostrum officia. Quo sed pariatur qui illum quam nulla.', 5, '2024-03-12 13:28:25', '2024-03-12 13:28:25'),
(194, 7, 'Khalid Dare', 'Sequi repellendus deserunt nihil impedit qui et aut. Et sint aspernatur cumque veniam laudantium. Maxime voluptatibus dolor qui tenetur tempora omnis omnis. Numquam eius tempora omnis cumque et et voluptatem.', 1, '2024-03-12 13:28:25', '2024-03-12 13:28:25'),
(195, 6, 'Ismael Zieme', 'Consequatur dolor aut odit dignissimos quas ducimus in. Quis distinctio ad quis assumenda sunt soluta. Deleniti occaecati delectus dignissimos odio dolorem.', 3, '2024-03-12 13:28:25', '2024-03-12 13:28:25'),
(196, 46, 'Nicolette Schoen', 'Cum et quia voluptatem dolore ea libero. Fugit qui quisquam at velit commodi soluta. Expedita fugiat quod quas dolores nemo dolor.', 1, '2024-03-12 13:28:25', '2024-03-12 13:28:25'),
(197, 38, 'Dr. Mazie Sporer DVM', 'Voluptatem architecto sed sint qui et aut consequatur. Et eos ut quia suscipit at. Ipsa tempore nisi autem dolorum repellendus. Dolorum magni dolores tempora doloremque eaque.', 2, '2024-03-12 13:28:25', '2024-03-12 13:28:25'),
(198, 46, 'Dejuan Gibson', 'Alias et nemo quidem. Soluta ex velit quisquam aut fuga deserunt nam. Dignissimos nesciunt saepe hic consequatur.', 2, '2024-03-12 13:28:25', '2024-03-12 13:28:25'),
(199, 7, 'Rupert Schumm', 'Dolorem eos necessitatibus quas corrupti. Ipsa distinctio magni facilis quibusdam exercitationem consequatur. Debitis commodi delectus reprehenderit suscipit est rerum numquam. Fugit ullam amet maiores cum ad est ad.', 2, '2024-03-12 13:28:25', '2024-03-12 13:28:25'),
(200, 11, 'Mrs. Jackeline Keebler I', 'Dignissimos illo aliquam et. Quia iure cumque officiis voluptas maiores ipsam quis. Consequuntur molestiae rerum voluptatem similique ea quod occaecati. Dolorem distinctio iste omnis culpa non.', 5, '2024-03-12 13:28:25', '2024-03-12 13:28:25'),
(201, 8, 'Urban Lesch', 'Qui sit deserunt aut temporibus ducimus. Totam nisi quidem ex molestiae sit possimus exercitationem consectetur. Nihil explicabo ut quas rerum mollitia quae. Veniam omnis incidunt est aut. Odit corporis tempore ipsam sint sit est.', 2, '2024-03-12 13:28:25', '2024-03-12 13:28:25'),
(202, 45, 'Brody Little', 'Omnis et architecto nostrum at neque rerum. Esse magni quia saepe ut consequatur totam. Quam inventore molestiae nam et magnam sed.', 5, '2024-03-12 13:28:25', '2024-03-12 13:28:25'),
(203, 13, 'Ms. Alejandra Dickens IV', 'Voluptatem voluptas voluptatem quas in est non deserunt. Quas officia sint et aspernatur. Labore consequatur et enim ex. Ut voluptate sunt accusamus temporibus quis. Vel aut culpa blanditiis architecto repellendus qui.', 4, '2024-03-12 13:28:25', '2024-03-12 13:28:25'),
(204, 24, 'Miss Elsa Keeling', 'Eligendi sit laudantium animi eaque. Excepturi dolorem molestiae earum consequuntur et sit voluptatem. Qui et vero sint quas rem officia. Voluptas et blanditiis dolore modi magni voluptatem magni facere.', 2, '2024-03-12 13:28:25', '2024-03-12 13:28:25'),
(205, 42, 'Ali Bogan', 'Eos sint expedita impedit quibusdam. Eos dolore quod quod sed molestiae sit. Pariatur ducimus doloribus perspiciatis natus tenetur. Vel doloremque qui commodi ipsam.', 5, '2024-03-12 13:28:25', '2024-03-12 13:28:25'),
(206, 45, 'Euna Turner Jr.', 'Voluptatibus fugiat nobis adipisci corrupti. Accusamus delectus dolorem nemo commodi. Harum error earum nisi pariatur fugit aut repellat optio.', 5, '2024-03-12 13:28:25', '2024-03-12 13:28:25'),
(207, 15, 'Elvera Larkin', 'Doloremque dignissimos quibusdam unde dolorum optio nulla tenetur. Sint enim et rem sit commodi. Autem nulla repellendus nulla quia autem ipsam rerum ut.', 4, '2024-03-12 13:28:25', '2024-03-12 13:28:25'),
(208, 16, 'Mollie Cole', 'Iste eos ducimus ut. Voluptas accusantium voluptas occaecati repellendus quod repellendus voluptate. Voluptas quis repudiandae quaerat id. Ea incidunt qui illum dolorem et sed sit.', 3, '2024-03-12 13:28:25', '2024-03-12 13:28:25'),
(209, 21, 'Enrico Stracke', 'Quia aut optio dolor error laborum. Suscipit rem aut omnis est magnam totam incidunt ut. Ut modi pariatur ex temporibus possimus odio.', 2, '2024-03-12 13:28:25', '2024-03-12 13:28:25');
INSERT INTO `reviews` (`id`, `product_id`, `customer`, `review`, `star`, `created_at`, `updated_at`) VALUES
(210, 2, 'Jamaal Yost', 'Qui est qui voluptas. Aut provident occaecati accusantium dolorem nihil facilis. Consequuntur sequi voluptas voluptatum.', 1, '2024-03-12 13:28:25', '2024-03-12 13:28:25'),
(211, 18, 'Tod Goldner', 'Omnis amet autem placeat. Neque reiciendis magni sed necessitatibus est consectetur eos aspernatur. Et non ipsum omnis eos dolor quo reiciendis.', 2, '2024-03-12 13:28:25', '2024-03-12 13:28:25'),
(212, 26, 'Sidney Nikolaus', 'Placeat eos voluptatum eius nemo qui. Quaerat aliquam qui aliquid inventore reiciendis modi et. Neque sint quia est velit.', 0, '2024-03-12 13:28:25', '2024-03-12 13:28:25'),
(213, 36, 'Theresia Wolff', 'Quia et eum asperiores. Magni error autem doloremque voluptas quasi. Perspiciatis dolorum vel quia maiores error recusandae. Nulla architecto ullam accusamus sit alias veniam inventore. Quisquam non perspiciatis incidunt nostrum dicta nemo.', 0, '2024-03-12 13:28:25', '2024-03-12 13:28:25'),
(214, 33, 'Alize Schmidt', 'Quam omnis maxime quos laborum quo. Alias et dolorum quo asperiores consequatur provident sit deleniti. Rerum nostrum recusandae id qui.', 4, '2024-03-12 13:28:25', '2024-03-12 13:28:25'),
(215, 39, 'Rodrigo Runolfsdottir', 'Quo rerum fuga maiores aut. Laboriosam molestias recusandae ad. Fuga eum qui et repellat a.', 3, '2024-03-12 13:28:25', '2024-03-12 13:28:25'),
(216, 3, 'Estell Lindgren I', 'Sapiente architecto culpa ducimus voluptates. Et facilis eos odio odit suscipit fuga. Est consequuntur laborum autem ratione qui possimus.', 5, '2024-03-12 13:28:25', '2024-03-12 13:28:25'),
(217, 42, 'Dr. Pasquale Von Sr.', 'Recusandae esse ex eveniet rerum aut quae. Eum ea ut voluptatibus eaque consequatur. Sit repellendus veritatis exercitationem similique et quas ullam. Magnam officia quidem doloribus ut esse corrupti aperiam.', 0, '2024-03-12 13:28:25', '2024-03-12 13:28:25'),
(218, 19, 'Mr. Lane Kohler', 'Ea eos qui voluptatibus doloribus assumenda perspiciatis. Culpa magni quo et odit eligendi. Provident ipsum tempore et quia. Aut aut et temporibus quis voluptates id placeat.', 2, '2024-03-12 13:28:25', '2024-03-12 13:28:25'),
(219, 14, 'Wayne Balistreri', 'Dolores provident et labore perspiciatis voluptas. Rem error nulla non est aut molestiae. Ea velit molestias officia deserunt nesciunt modi. Itaque est consequatur aut architecto qui quidem.', 2, '2024-03-12 13:28:25', '2024-03-12 13:28:25'),
(220, 11, 'Kattie Mante II', 'Aliquid sit praesentium corrupti fugiat perferendis. Consequatur sit temporibus fuga mollitia nulla ut dolore. Odit quam est ut sed. Voluptatum assumenda aliquam nemo est occaecati.', 4, '2024-03-12 13:28:25', '2024-03-12 13:28:25'),
(221, 36, 'Treva Auer', 'Enim ea nisi non ratione commodi harum illo. Voluptate error praesentium doloremque voluptatem quaerat. Officia ut ut in voluptatem. Fugit illum rem quaerat magnam omnis qui.', 5, '2024-03-12 13:28:25', '2024-03-12 13:28:25'),
(222, 23, 'Gerry Prosacco', 'Est accusantium nisi ipsum sapiente. Animi sit nam sed est unde quae. Doloribus ut optio mollitia unde voluptas corrupti nostrum quasi. Voluptas voluptates reprehenderit praesentium voluptates sapiente suscipit. Molestiae cum est quos explicabo aspernatur est consequatur.', 3, '2024-03-12 13:28:25', '2024-03-12 13:28:25'),
(223, 19, 'Mr. Janick Cruickshank IV', 'Non corporis voluptas est quas quibusdam. Reiciendis facilis earum non doloribus quam. Asperiores ipsam quas nobis numquam laborum explicabo eveniet voluptatem. Ducimus omnis aut quam.', 0, '2024-03-12 13:28:25', '2024-03-12 13:28:25'),
(224, 4, 'Mr. Terence Heidenreich', 'Itaque excepturi quas inventore hic. Et impedit dolor in iste temporibus. Est sit quo qui nobis.', 4, '2024-03-12 13:28:25', '2024-03-12 13:28:25'),
(225, 5, 'Sedrick Swift', 'In nulla voluptatibus rerum nesciunt recusandae dolorum sed. Corrupti quis ipsa excepturi quia aperiam. Neque inventore facere omnis. Dolor eum natus voluptatem vitae excepturi eius. Blanditiis fugiat quia ut.', 0, '2024-03-12 13:28:25', '2024-03-12 13:28:25'),
(226, 24, 'Edgardo Moen', 'Nemo aut minus velit quibusdam qui architecto in. Dolores porro ratione ducimus asperiores hic. Nisi sit autem sed.', 3, '2024-03-12 13:28:25', '2024-03-12 13:28:25'),
(227, 11, 'Anjali Dach Jr.', 'Voluptatem omnis eos neque similique. Aut quis sit quibusdam neque. Quos omnis veniam et iure explicabo quo quisquam.', 3, '2024-03-12 13:28:25', '2024-03-12 13:28:25'),
(228, 21, 'Jennie Langosh IV', 'Saepe cum exercitationem commodi eius distinctio iste. Mollitia tenetur repellendus molestiae itaque deleniti.', 2, '2024-03-12 13:28:25', '2024-03-12 13:28:25'),
(229, 28, 'Iliana Rutherford DVM', 'Unde est tempora sed delectus qui ut. Nihil dolore ipsum est nobis ut. Consequatur quibusdam sit saepe quas. Non officia fugiat omnis non accusantium voluptas. Sunt cupiditate et earum reiciendis libero.', 0, '2024-03-12 13:28:25', '2024-03-12 13:28:25'),
(230, 7, 'Kraig Renner', 'Doloribus illo ut aliquam aut autem distinctio libero. Ducimus quia sunt soluta excepturi non sunt hic impedit. Assumenda est ducimus temporibus et quo voluptas. Ea eos maxime rem.', 2, '2024-03-12 13:28:25', '2024-03-12 13:28:25'),
(231, 21, 'Juanita Howell', 'Dolores minima magnam est est pariatur quo non. Voluptas deleniti dolore id enim facere. Atque similique quis non dolore hic non quaerat.', 0, '2024-03-12 13:28:25', '2024-03-12 13:28:25'),
(232, 31, 'Dr. Carli Schiller DDS', 'Similique fugit est labore aut possimus animi rerum. Veniam commodi eos quod eum sed quam. Ducimus numquam debitis hic voluptatem tempore voluptas tempora. Nam facilis est distinctio esse labore magni.', 3, '2024-03-12 13:28:25', '2024-03-12 13:28:25'),
(233, 6, 'Gino Cummings', 'Qui id eum ut non occaecati. Tempora et asperiores rerum quia. Omnis consequatur consequuntur ullam. Iure recusandae quo voluptas vel blanditiis vel.', 0, '2024-03-12 13:28:25', '2024-03-12 13:28:25'),
(234, 47, 'Prof. Monserrat Kulas', 'Dolore voluptatibus aut nihil quibusdam qui. Soluta est facere atque vitae reiciendis in sed. Necessitatibus omnis totam voluptas.', 4, '2024-03-12 13:28:25', '2024-03-12 13:28:25'),
(235, 26, 'Pattie O\'Hara Sr.', 'Placeat ut possimus et magnam. Voluptatem et aliquid fugit beatae. Sunt iste dolore molestiae eveniet.', 4, '2024-03-12 13:28:25', '2024-03-12 13:28:25'),
(236, 36, 'Dr. Velma Bruen DDS', 'Ut sequi ut sint id quis fugit optio quo. Et error sit sint et. Sit temporibus ut qui veritatis. Sit minus aut qui eveniet.', 3, '2024-03-12 13:28:25', '2024-03-12 13:28:25'),
(237, 44, 'Mr. Jermey Moore', 'Est ea dolorum alias sint et quis. Architecto voluptas nisi delectus et. Eligendi quas esse quo sed autem ipsam. Est id ab facere et.', 3, '2024-03-12 13:28:25', '2024-03-12 13:28:25'),
(238, 39, 'Nelle Powlowski', 'Nam fugiat neque quia minima neque. Dicta omnis qui consequatur. Optio dolorem esse enim rem tenetur fugit voluptates. Itaque adipisci quo molestiae voluptatem.', 4, '2024-03-12 13:28:25', '2024-03-12 13:28:25'),
(239, 4, 'Dr. Arnulfo Gislason III', 'Vitae reprehenderit laborum voluptate et asperiores. Et voluptas omnis odio debitis aut aperiam ut in. Vitae quidem laudantium minima praesentium provident accusamus. Aperiam quo cupiditate et amet quam ratione omnis.', 5, '2024-03-12 13:28:25', '2024-03-12 13:28:25'),
(240, 32, 'Dr. Marquise Kunde', 'Quia minus ex maxime quo magni dolor. Tempora recusandae eos vel rerum earum inventore explicabo. Nobis odio inventore sed ipsam ipsum.', 1, '2024-03-12 13:28:25', '2024-03-12 13:28:25'),
(241, 9, 'Mr. Raul Lynch', 'Qui omnis odit aliquid culpa modi sit quam omnis. Sint excepturi maiores distinctio quia minus ipsa. Sunt atque quos aliquid placeat doloremque asperiores.', 4, '2024-03-12 13:28:25', '2024-03-12 13:28:25'),
(242, 5, 'Meda Lemke', 'Eum libero accusamus amet dignissimos quam cupiditate. Tenetur id odit in fugit. Quam adipisci ipsa nihil exercitationem adipisci quos. Et consequatur veritatis quas est.', 5, '2024-03-12 13:28:25', '2024-03-12 13:28:25'),
(243, 28, 'Marquise Conroy', 'Nemo aut provident voluptatum accusantium laboriosam accusamus. Consequatur ut voluptatibus cumque mollitia molestiae nostrum vel occaecati. Maiores aliquid harum dolor eum natus eum rerum est. Dignissimos nihil error blanditiis dolor.', 3, '2024-03-12 13:28:25', '2024-03-12 13:28:25'),
(244, 46, 'Jose Price', 'Facilis eligendi voluptatem laboriosam minima fuga eum porro. Repudiandae incidunt ut et at. Excepturi qui facere saepe vel. Error corrupti voluptas eius earum autem.', 0, '2024-03-12 13:28:25', '2024-03-12 13:28:25'),
(245, 7, 'Dr. Maude Lowe MD', 'Ex velit nobis et autem tempore sunt quaerat. Laudantium rem eveniet illo necessitatibus quaerat velit. Sunt quibusdam corrupti omnis voluptatem voluptas et. Doloribus quasi deserunt sunt voluptate pariatur quam provident rerum.', 1, '2024-03-12 13:28:25', '2024-03-12 13:28:25'),
(246, 12, 'Augustine Lesch', 'Repudiandae odit veritatis placeat sunt eligendi eum sed. Sint blanditiis rerum omnis nam ut soluta exercitationem. Aut dicta qui ratione rerum accusamus.', 2, '2024-03-12 13:28:25', '2024-03-12 13:28:25'),
(247, 33, 'Yesenia Sporer', 'Facilis quasi est ut nostrum consequatur. Aliquam ducimus quos et velit ut numquam. Qui dolor sunt voluptas commodi possimus id iusto.', 2, '2024-03-12 13:28:25', '2024-03-12 13:28:25'),
(248, 40, 'Winifred Lowe', 'Eligendi rerum nisi quidem placeat in animi voluptas atque. Porro dolorem autem nemo enim aliquid facilis. Autem dolorum aliquam illum. At officia sit blanditiis et quas molestiae.', 2, '2024-03-12 13:28:25', '2024-03-12 13:28:25'),
(249, 8, 'Kaden Lubowitz', 'Quo aliquid ullam consequatur sequi culpa tempore est et. Repellendus sunt aut commodi officia dignissimos est veniam consequatur. Aliquam temporibus quia dolorum error ut qui.', 0, '2024-03-12 13:28:25', '2024-03-12 13:28:25'),
(250, 21, 'Olga Wolff PhD', 'Quia vel nemo quaerat aut eos. Vitae omnis distinctio ea eaque qui ex. Modi est laudantium omnis sit.', 3, '2024-03-12 13:28:25', '2024-03-12 13:28:25'),
(251, 15, 'Ona Rowe', 'Id non maxime iure quibusdam. Nihil est necessitatibus facilis est sed deserunt autem. Et alias fugiat iste est quia quo. Eligendi quia et nihil alias.', 4, '2024-03-12 13:28:25', '2024-03-12 13:28:25'),
(252, 30, 'Cecil Legros V', 'Doloremque aut enim enim corporis consequatur delectus. Ipsum aut esse sed culpa laudantium. Cum enim illum illum porro rerum aut cum.', 5, '2024-03-12 13:28:25', '2024-03-12 13:28:25'),
(253, 18, 'Doris Quitzon', 'Id autem tenetur delectus dolores dolor neque illo dolor. Iure qui perspiciatis et veniam eligendi. Omnis nostrum est molestiae. Facilis sit eligendi doloribus vel.', 5, '2024-03-12 13:28:25', '2024-03-12 13:28:25'),
(254, 5, 'Miss Drew Ankunding IV', 'Laborum voluptatibus voluptates voluptatem in voluptatibus provident. Sint qui aut necessitatibus excepturi tempore ut reprehenderit omnis. Inventore dolores ipsum sequi et voluptatem architecto et voluptatum. Velit qui iusto vel praesentium error non.', 1, '2024-03-12 13:28:25', '2024-03-12 13:28:25'),
(255, 25, 'Mr. Dale Dickinson', 'Maxime nemo enim qui eius quas fugit distinctio. Id sed temporibus tempore ut. Occaecati vel temporibus error unde est modi. Cupiditate consectetur eos eos et sed nesciunt.', 1, '2024-03-12 13:28:25', '2024-03-12 13:28:25'),
(256, 18, 'Ms. Enola McDermott DDS', 'Amet voluptatibus dolorem eum occaecati qui nemo. Porro ut molestiae possimus unde et impedit porro. Unde eius in saepe fuga impedit est consectetur. Ut distinctio eum consequatur in aut fugit accusamus.', 4, '2024-03-12 13:28:25', '2024-03-12 13:28:25'),
(257, 1, 'Domenico Lowe', 'Vel adipisci laudantium quibusdam nulla. Quasi voluptates aperiam quam qui consequatur. Aut aut officia sapiente incidunt molestiae ut.', 3, '2024-03-12 13:28:25', '2024-03-12 13:28:25'),
(258, 45, 'Torrey Runolfsdottir MD', 'Ullam commodi et qui cum. Voluptas nihil aut alias ut est iste. Ut odio et vel sint nemo.', 0, '2024-03-12 13:28:25', '2024-03-12 13:28:25'),
(259, 12, 'Marian Prosacco', 'Et sit sunt quod dignissimos accusamus dolores quia. Accusamus sint eaque animi laborum amet.', 0, '2024-03-12 13:28:26', '2024-03-12 13:28:26'),
(260, 30, 'Pierre Frami IV', 'Deserunt delectus corrupti numquam sunt est. Corporis molestiae velit corrupti non animi. Necessitatibus enim dicta harum. Ipsum voluptatem sed rerum quam et.', 1, '2024-03-12 13:28:26', '2024-03-12 13:28:26'),
(261, 9, 'Elliot Goldner', 'Id vel praesentium nihil vero repellat. Enim officia voluptates eaque dignissimos. Incidunt quia sunt unde odit. Est tempore ut aut pariatur vitae officia rem. Laborum culpa ipsam temporibus et itaque omnis.', 1, '2024-03-12 13:28:26', '2024-03-12 13:28:26'),
(262, 30, 'Mae Cormier', 'Eius excepturi ratione esse beatae molestias error. Laboriosam quam atque vel numquam architecto occaecati.', 0, '2024-03-12 13:28:26', '2024-03-12 13:28:26'),
(263, 16, 'Salvatore Osinski', 'Non quo quia autem ad sunt ad voluptatem asperiores. Esse eum sunt quo.', 0, '2024-03-12 13:28:26', '2024-03-12 13:28:26'),
(264, 27, 'Mattie Greenfelder', 'Reprehenderit delectus soluta ea porro ipsum autem dolor incidunt. Accusantium doloribus aut quasi quaerat eligendi beatae ut. Modi velit distinctio eius et.', 0, '2024-03-12 13:28:26', '2024-03-12 13:28:26'),
(265, 40, 'Joy Wintheiser', 'Accusamus ut alias sit quaerat. Id iusto nesciunt sint natus qui similique. Eos ea repudiandae itaque esse sed.', 4, '2024-03-12 13:28:26', '2024-03-12 13:28:26'),
(266, 5, 'Alaina Thompson', 'Alias asperiores autem et omnis quisquam et hic. Et quis nesciunt quia rerum eligendi tempore at.', 5, '2024-03-12 13:28:26', '2024-03-12 13:28:26'),
(267, 10, 'Princess Raynor', 'Dolore impedit rerum voluptatem sunt et et optio. Ipsum qui soluta voluptas similique. Earum tenetur quis minima quae ullam quos voluptatem dolorem. Omnis voluptatem similique est quasi et pariatur.', 4, '2024-03-12 13:28:26', '2024-03-12 13:28:26'),
(268, 17, 'Carli Shields', 'Praesentium atque fuga distinctio eos. Esse et omnis ea molestiae ea. Suscipit qui sint quo.', 0, '2024-03-12 13:28:26', '2024-03-12 13:28:26'),
(269, 15, 'Chester Kutch', 'Minus eos sed molestias eveniet natus voluptatem. Deleniti nisi quam recusandae. Maiores aut in ea sed rerum cumque dolor. Delectus in hic soluta similique accusantium cupiditate.', 4, '2024-03-12 13:28:26', '2024-03-12 13:28:26'),
(270, 9, 'Everette Bradtke', 'Accusantium minima assumenda est. Error iure nemo illo. Architecto libero illum non corrupti.', 1, '2024-03-12 13:28:26', '2024-03-12 13:28:26'),
(271, 2, 'Larue Dickens', 'Expedita inventore non quidem dicta incidunt laudantium corporis. Voluptatum dolor laudantium ut quia fugit nobis. Illo quo soluta beatae expedita alias voluptatibus voluptate. Dolores voluptas ut sunt eum consequuntur.', 3, '2024-03-12 13:28:26', '2024-03-12 13:28:26'),
(272, 22, 'Colton Wolf II', 'Deserunt laboriosam neque dolores ullam officiis ducimus. Et aut dolore soluta placeat consectetur. Et et aut sit eos. Voluptatem nostrum perferendis aut ullam omnis alias.', 3, '2024-03-12 13:28:26', '2024-03-12 13:28:26'),
(273, 1, 'Miss Sincere Leannon', 'Et voluptatem atque non. Natus quia sint aliquid beatae aut temporibus. Est necessitatibus itaque consequatur repellendus vero. Officiis quis accusantium iste pariatur aut dolores et.', 4, '2024-03-12 13:28:26', '2024-03-12 13:28:26'),
(274, 45, 'Mr. Destin O\'Hara', 'Et veniam quam incidunt aut quis laborum. Ullam et inventore corrupti dolorem praesentium reiciendis. Reprehenderit repellat sit et rerum nostrum occaecati sint. Blanditiis qui id minus. Aliquam sunt dolorem rem quia unde commodi itaque.', 3, '2024-03-12 13:28:26', '2024-03-12 13:28:26'),
(275, 33, 'Christine Barrows', 'Repellat ab voluptatem id et doloribus qui molestiae. Et nam repellendus facilis facilis est. Eveniet est occaecati recusandae aut non in.', 4, '2024-03-12 13:28:26', '2024-03-12 13:28:26'),
(276, 23, 'Corrine Zemlak', 'Occaecati ipsa atque facere quia ducimus est iure eos. Atque sed et vel quisquam ducimus ipsam. Id ipsa dolorum error ducimus aut voluptates. Vero atque adipisci libero eos.', 2, '2024-03-12 13:28:26', '2024-03-12 13:28:26'),
(277, 8, 'Kobe Koch', 'Laudantium et quia quae qui beatae consequatur ea. Ab consequatur sunt tempore sed soluta aspernatur atque. Necessitatibus rem dolor aliquam magnam culpa modi ea dolor. Quisquam ipsum et facere omnis.', 3, '2024-03-12 13:28:26', '2024-03-12 13:28:26'),
(278, 20, 'Hallie Pouros', 'Sapiente perferendis facere veniam dolores sed animi aut vitae. Ea tempore repellendus dolorem non voluptatem. Exercitationem sint temporibus odio voluptatem et blanditiis.', 4, '2024-03-12 13:28:26', '2024-03-12 13:28:26'),
(279, 27, 'Lila O\'Conner', 'Earum at praesentium quia sunt. Qui voluptas perspiciatis repudiandae cumque sed et. Atque voluptatem non dignissimos soluta.', 5, '2024-03-12 13:28:26', '2024-03-12 13:28:26'),
(280, 4, 'Amir Orn MD', 'Voluptas aut nisi eveniet aut omnis in aut assumenda. Ducimus architecto vel omnis eos. Veritatis inventore ut nihil perferendis.', 4, '2024-03-12 13:28:26', '2024-03-12 13:28:26'),
(281, 7, 'Mr. Gianni Heidenreich III', 'Praesentium culpa consequuntur occaecati placeat quam voluptatibus. Quidem quo sint nostrum consectetur iste vitae. Ut est eaque perferendis illum omnis hic.', 1, '2024-03-12 13:28:26', '2024-03-12 13:28:26'),
(282, 23, 'Braxton Hermann', 'Laboriosam recusandae facere rerum ab similique. Dolore est natus facilis modi dolores molestiae. Rerum nemo et totam modi ea.', 4, '2024-03-12 13:28:26', '2024-03-12 13:28:26'),
(283, 29, 'Prof. Rosalee Windler', 'Molestiae est commodi est maxime nesciunt vel sunt illum. Quas dolor quia nihil iure quaerat ut dolore. Doloremque eos dolores qui.', 0, '2024-03-12 13:28:26', '2024-03-12 13:28:26'),
(284, 32, 'Esta Heaney', 'Molestiae totam at magni mollitia. Consectetur quos iure reiciendis et.', 3, '2024-03-12 13:28:26', '2024-03-12 13:28:26'),
(285, 30, 'Janiya Stamm', 'Deleniti ipsam consectetur et architecto facere. Expedita numquam qui dolor corrupti illum quasi. Suscipit necessitatibus repellendus vel velit.', 5, '2024-03-12 13:28:26', '2024-03-12 13:28:26'),
(286, 8, 'Gaylord Boyer', 'Aperiam corporis voluptas quia nobis eum libero dolorem nihil. Quod facilis cupiditate non sapiente amet omnis.', 2, '2024-03-12 13:28:26', '2024-03-12 13:28:26'),
(287, 13, 'Thad Beatty', 'Alias ex dignissimos omnis eligendi nesciunt quod. Voluptas quibusdam quidem tempora quas. Est sunt rerum iure et. Voluptate nostrum qui debitis fugiat veritatis aliquam nobis.', 2, '2024-03-12 13:28:26', '2024-03-12 13:28:26'),
(288, 30, 'Hildegard Casper', 'Et est et voluptatem sint tempore non sunt. Dolor exercitationem unde commodi aut. Soluta quod ea molestiae sint ut est. Totam ut enim quae inventore itaque nobis quae ut.', 3, '2024-03-12 13:28:26', '2024-03-12 13:28:26'),
(289, 7, 'Dr. Nathanael Hickle I', 'Voluptas quia voluptas ea accusamus eos quaerat ad quo. Vero numquam adipisci aut quae rerum mollitia sit. Ea non laboriosam magnam illo est velit voluptas deserunt.', 0, '2024-03-12 13:28:26', '2024-03-12 13:28:26'),
(290, 14, 'Angelo Daugherty', 'Qui consequuntur earum blanditiis aliquid qui. Ipsum aliquam dolor rem perspiciatis nobis. Omnis quam dolor vel perferendis reprehenderit corrupti tempore. Dolor libero dolore dolores facere.', 2, '2024-03-12 13:28:26', '2024-03-12 13:28:26'),
(291, 36, 'Dr. Terrence Graham PhD', 'Provident itaque sit et odit. Dignissimos minus nulla culpa quia exercitationem. Tempore magni possimus molestiae aut asperiores non necessitatibus accusamus.', 5, '2024-03-12 13:28:26', '2024-03-12 13:28:26'),
(292, 34, 'Ms. Rosemarie Heathcote II', 'Ut at laboriosam quia facilis accusantium perferendis. Et similique quo occaecati impedit itaque dolorem et. Facilis error labore et architecto aut. Et excepturi placeat eaque.', 0, '2024-03-12 13:28:26', '2024-03-12 13:28:26'),
(293, 6, 'Cheyenne Streich', 'Quis facere odit vitae aut est dolore aut. Earum ipsam et omnis. A quae ullam magni ratione et recusandae.', 5, '2024-03-12 13:28:26', '2024-03-12 13:28:26'),
(294, 40, 'Mr. Consuelo Nienow', 'Aut ipsam corrupti omnis ipsam praesentium delectus et perspiciatis. Et qui itaque dignissimos voluptas harum quibusdam autem. Error est perferendis nihil eos nemo voluptatem. Amet rerum sint ipsam sunt saepe omnis. Nemo in quae cum nobis quo aliquid eos quidem.', 4, '2024-03-12 13:28:26', '2024-03-12 13:28:26'),
(295, 30, 'Samanta Champlin', 'Perferendis vel a quidem illo quidem et. Eum sunt aut dignissimos et asperiores ullam nisi ab.', 1, '2024-03-12 13:28:26', '2024-03-12 13:28:26'),
(296, 12, 'Dr. Garrick Braun DVM', 'Autem sint asperiores aliquid dolorem eius. Ut cupiditate asperiores quo ducimus voluptatem. Est ut ipsum doloremque.', 0, '2024-03-12 13:28:26', '2024-03-12 13:28:26'),
(297, 34, 'Isaias Blick', 'Accusamus et aut ea odio cum error alias ipsa. Ea doloribus autem explicabo porro quibusdam. Libero distinctio incidunt asperiores vero enim. Minima impedit qui earum similique aut non.', 2, '2024-03-12 13:28:26', '2024-03-12 13:28:26'),
(298, 15, 'Matilde Pagac', 'Eum nihil aut commodi et quibusdam ab iusto. Provident iusto doloribus vel beatae quidem laudantium. Quidem enim optio fugiat quia. Sed ducimus et qui sunt voluptate.', 5, '2024-03-12 13:28:26', '2024-03-12 13:28:26'),
(299, 35, 'Kailey West III', 'Rerum veniam quaerat exercitationem molestiae ab. Officia neque dolorum inventore. Accusantium eveniet necessitatibus cumque et est distinctio.', 3, '2024-03-12 13:28:26', '2024-03-12 13:28:26'),
(300, 23, 'Stone Murphy IV', 'Quis qui quo occaecati modi tenetur officia expedita. Id ut possimus ipsam rerum aut modi iusto distinctio. Quia voluptas repellat explicabo illo nobis non ullam.', 3, '2024-03-12 13:28:26', '2024-03-12 13:28:26');

-- --------------------------------------------------------

--
-- Table structure for table `users`
--

CREATE TABLE `users` (
  `id` bigint(20) UNSIGNED NOT NULL,
  `name` varchar(255) NOT NULL,
  `email` varchar(255) NOT NULL,
  `email_verified_at` timestamp NULL DEFAULT NULL,
  `password` varchar(255) NOT NULL,
  `remember_token` varchar(100) DEFAULT NULL,
  `created_at` timestamp NULL DEFAULT NULL,
  `updated_at` timestamp NULL DEFAULT NULL
) ENGINE=InnoDB DEFAULT CHARSET=utf8mb4 COLLATE=utf8mb4_unicode_ci;

--
-- Indexes for dumped tables
--

--
-- Indexes for table `failed_jobs`
--
ALTER TABLE `failed_jobs`
  ADD PRIMARY KEY (`id`),
  ADD UNIQUE KEY `failed_jobs_uuid_unique` (`uuid`);

--
-- Indexes for table `migrations`
--
ALTER TABLE `migrations`
  ADD PRIMARY KEY (`id`);

--
-- Indexes for table `password_reset_tokens`
--
ALTER TABLE `password_reset_tokens`
  ADD PRIMARY KEY (`email`);

--
-- Indexes for table `personal_access_tokens`
--
ALTER TABLE `personal_access_tokens`
  ADD PRIMARY KEY (`id`),
  ADD UNIQUE KEY `personal_access_tokens_token_unique` (`token`),
  ADD KEY `personal_access_tokens_tokenable_type_tokenable_id_index` (`tokenable_type`,`tokenable_id`);

--
-- Indexes for table `products`
--
ALTER TABLE `products`
  ADD PRIMARY KEY (`id`);

--
-- Indexes for table `reviews`
--
ALTER TABLE `reviews`
  ADD PRIMARY KEY (`id`),
  ADD KEY `reviews_product_id_foreign` (`product_id`);

--
-- Indexes for table `users`
--
ALTER TABLE `users`
  ADD PRIMARY KEY (`id`),
  ADD UNIQUE KEY `users_email_unique` (`email`);

--
-- AUTO_INCREMENT for dumped tables
--

--
-- AUTO_INCREMENT for table `failed_jobs`
--
ALTER TABLE `failed_jobs`
  MODIFY `id` bigint(20) UNSIGNED NOT NULL AUTO_INCREMENT;

--
-- AUTO_INCREMENT for table `migrations`
--
ALTER TABLE `migrations`
  MODIFY `id` int(10) UNSIGNED NOT NULL AUTO_INCREMENT, AUTO_INCREMENT=7;

--
-- AUTO_INCREMENT for table `personal_access_tokens`
--
ALTER TABLE `personal_access_tokens`
  MODIFY `id` bigint(20) UNSIGNED NOT NULL AUTO_INCREMENT;

--
-- AUTO_INCREMENT for table `products`
--
ALTER TABLE `products`
  MODIFY `id` bigint(20) UNSIGNED NOT NULL AUTO_INCREMENT, AUTO_INCREMENT=51;

--
-- AUTO_INCREMENT for table `reviews`
--
ALTER TABLE `reviews`
  MODIFY `id` bigint(20) UNSIGNED NOT NULL AUTO_INCREMENT, AUTO_INCREMENT=301;

--
-- AUTO_INCREMENT for table `users`
--
ALTER TABLE `users`
  MODIFY `id` bigint(20) UNSIGNED NOT NULL AUTO_INCREMENT;

--
-- Constraints for dumped tables
--

--
-- Constraints for table `reviews`
--
ALTER TABLE `reviews`
  ADD CONSTRAINT `reviews_product_id_foreign` FOREIGN KEY (`product_id`) REFERENCES `products` (`id`) ON DELETE CASCADE;
COMMIT;

/*!40101 SET CHARACTER_SET_CLIENT=@OLD_CHARACTER_SET_CLIENT */;
/*!40101 SET CHARACTER_SET_RESULTS=@OLD_CHARACTER_SET_RESULTS */;
/*!40101 SET COLLATION_CONNECTION=@OLD_COLLATION_CONNECTION */;
